"sitecode","area","date","npp_mean","npp_min","npp_max","npp_sd","npp_nvals","npp_n_nas","npp_n_pix","qc_mean","qc_min","qc_max","qc_sd","qc_nvals","qc_n_nas","qc_n_pix"
"BBS","ZOI",2000-12-31,1.72246632281553,0.75,6.5499,1.26583116770886,4944,1178,6122,76.1024759284732,45,100,6.33348970013334,4362,1760,6122
"BBS","ZOI",2001-12-31,1.66586801537528,0.6558,6.5498,1.28178737499206,4943,1179,6122,78.4236509758898,49,100,6.37795504119154,4355,1767,6122
"BBS","ZOI",2002-12-31,1.75747133319846,0.752,6.5494,1.25701939777379,4943,1179,6122,70.5842081241442,41,100,7.26330728927289,4382,1740,6122
"BBS","ZOI",2003-12-31,1.82635473300971,0.7268,6.5497,1.23900714796433,4944,1178,6122,71.2953663547135,43,100,7.86823270057295,4381,1741,6122
"BBS","ZOI",2004-12-31,1.86564274731944,0.8349,6.5497,1.22560384595152,4943,1179,6122,71.0989488117002,43,100,7.46662142244932,4376,1746,6122
"BBS","ZOI",2005-12-31,1.7346246206757,0.7633,6.5493,1.26313587361263,4943,1179,6122,74.3475274725275,38,100,7.41041378689125,4368,1754,6122
"BBS","ZOI",2006-12-31,1.90563552498483,0.8664,6.5496,1.21401859959985,4943,1179,6122,68.316894977169,42,100,7.58317132034717,4380,1742,6122
"BBS","ZOI",2007-12-31,1.72222018608414,0.7638,6.5499,1.26813460194719,4944,1178,6122,70.761197440585,42,100,7.20865275822504,4376,1746,6122
"BBS","ZOI",2008-12-31,1.68785329692557,0.7108,6.55,1.27759333837391,4944,1178,6122,72.3298261665142,44,100,7.02983137020692,4372,1750,6122
"BBS","ZOI",2009-12-31,1.83106963382561,0.8026,6.5493,1.2340950197864,4943,1179,6122,68.6025114155251,41,100,7.64162129200413,4380,1742,6122
"BBS","ZOI",2010-12-31,1.41139178802589,0.426,6.5499,1.35898320087047,4944,1178,6122,78.0553514010106,52,99,6.27089038598385,4354,1768,6122
"BBS","ZOI",2011-12-31,1.6891371029739,0.7222,6.5496,1.27511712824814,4943,1179,6122,71.513260173754,43,100,6.24770217828584,4374,1748,6122
"BBS","ZOI",2012-12-31,1.65073163430421,0.6877,6.5495,1.28858788785726,4944,1178,6122,69.4346733668342,38,100,7.05644555987196,4378,1744,6122
"BBS","ZOI",2013-12-31,1.58794468042071,0.595,6.5499,1.30686650167123,4944,1178,6122,71.4924485125858,42,100,6.62572738659277,4370,1752,6122
"BBS","Sample Area",2000-12-31,1.32462401960784,1.1134,2.0489,0.0859752075703693,204,0,204,79.4852941176471,63,94,4.2000210428472,204,0,204
"BBS","Sample Area",2001-12-31,1.25836225490196,0.9958,1.9817,0.0822058463804541,204,0,204,82.6029411764706,71,100,3.29564441271277,204,0,204
"BBS","Sample Area",2002-12-31,1.3860137254902,1.1038,2.0525,0.0805151854100756,204,0,204,75.2058823529412,57,92,3.96247978110269,204,0,204
"BBS","Sample Area",2003-12-31,1.46358578431373,1.2045,2.113,0.0774894058792539,204,0,204,76.8578431372549,64,93,4.35317530390224,204,0,204
"BBS","Sample Area",2004-12-31,1.51376911764706,1.2924,2.1832,0.0808419681842747,204,0,204,76.5588235294118,61,96,4.49317715805095,204,0,204
"BBS","Sample Area",2005-12-31,1.35818774509804,1.1321,2.0697,0.0825880846187799,204,0,204,78.4117647058823,62,96,4.82369549720779,204,0,204
"BBS","Sample Area",2006-12-31,1.53557352941176,1.3177,2.2349,0.0881443150808828,204,0,204,75.9264705882353,62,95,3.69255479050807,204,0,204
"BBS","Sample Area",2007-12-31,1.32686029411765,1.1163,2.0717,0.0844059376306089,204,0,204,76.4705882352941,62,93,4.15394852185549,204,0,204
"BBS","Sample Area",2008-12-31,1.32213137254902,1.0338,1.9908,0.0805678840296994,204,0,204,76.4558823529412,59,94,4.21152707475114,204,0,204
"BBS","Sample Area",2009-12-31,1.45277254901961,1.1934,2.128,0.0753985497983688,204,0,204,75.4460784313726,57,92,4.28101943498102,204,0,204
"BBS","Sample Area",2010-12-31,0.993968137254902,0.734,1.7667,0.0910223548271878,204,0,204,80.9950980392157,64,97,3.76854697406835,204,0,204
"BBS","Sample Area",2011-12-31,1.32488774509804,1.0978,2.0564,0.0788333598012318,204,0,204,73.578431372549,56,90,3.7703438959582,204,0,204
"BBS","Sample Area",2012-12-31,1.27279509803922,0.9838,1.9716,0.0806184620856438,204,0,204,73.7794117647059,56,93,3.82825477569664,204,0,204
"BBS","Sample Area",2013-12-31,1.20497598039216,0.9479,1.9482,0.0837878329312196,204,0,204,74.8235294117647,61,95,3.94771684269106,204,0,204
"BBS","Protected Area",2000-12-31,1.31388918918919,0.832,4.9011,0.192140855404713,3293,0,3293,78.2428877332518,55,100,4.28030798617186,3269,24,3293
"BBS","Protected Area",2001-12-31,1.25662745217127,0.7475,4.888,0.193359943000629,3293,0,3293,80.4153139356815,56,100,4.48645955438062,3265,28,3293
"BBS","Protected Area",2002-12-31,1.35877139386578,0.881,4.9408,0.190291980426108,3293,0,3293,73.3563780972775,49,99,4.92457863784339,3269,24,3293
"BBS","Protected Area",2003-12-31,1.42939134527786,0.94,4.9525,0.186793463131268,3293,0,3293,73.9008871214439,50,99,5.68431799435956,3269,24,3293
"BBS","Protected Area",2004-12-31,1.48175141208624,1.037,4.9548,0.184831957214208,3293,0,3293,73.4646680942184,52,100,5.34246885144561,3269,24,3293
"BBS","Protected Area",2005-12-31,1.33166480412997,0.8987,4.9465,0.191987585769367,3293,0,3293,76.2999693908785,53,100,5.33524113016509,3267,26,3293
"BBS","Protected Area",2006-12-31,1.53619474643183,0.9795,4.9767,0.184496615282675,3293,0,3293,70.4166411746712,46,98,5.82424486519274,3269,24,3293
"BBS","Protected Area",2007-12-31,1.31745523838445,0.8502,4.9268,0.189976537770968,3293,0,3293,71.7962679718568,46,97,5.66945245028688,3269,24,3293
"BBS","Protected Area",2008-12-31,1.2735334649256,0.8167,4.8985,0.194072153622602,3293,0,3293,74.6908478726661,50,97,5.00868065664063,3267,26,3293
"BBS","Protected Area",2009-12-31,1.43891163073186,0.9647,4.9392,0.182765446997521,3293,0,3293,70.8057509941878,47,99,5.6727259793789,3269,24,3293
"BBS","Protected Area",2010-12-31,0.973304251442454,0.5993,4.832,0.206151984612233,3293,0,3293,79.7199754901961,55,97,4.49735365365083,3264,29,3293
"BBS","Protected Area",2011-12-31,1.26927400546614,0.7312,4.9063,0.194793502461232,3293,0,3293,72.5558274701744,54,100,4.90643987323908,3269,24,3293
"BBS","Protected Area",2012-12-31,1.22921229881567,0.7078,4.9035,0.197092535282604,3293,0,3293,71.674824105231,50,100,5.04257692203552,3269,24,3293
"BBS","Protected Area",2013-12-31,1.15300731855451,0.7378,4.8917,0.201698556307505,3293,0,3293,73.7086011631466,49,99,4.69663233270615,3267,26,3293
"BCI","ZOI",2000-12-31,1.13699816944379,0.1498,6.5495,1.00726058803465,4261,33,4294,79.4028831562974,59,100,5.97806106091845,3954,340,4294
"BCI","ZOI",2001-12-31,1.08954785261676,0.2167,6.5495,1.01733483346831,4261,33,4294,80.3527770732944,61,100,6.19217618764805,3943,351,4294
"BCI","ZOI",2002-12-31,1.14152037080498,0.3125,6.5496,1.00917754840962,4261,33,4294,81.0862464914519,61,100,6.90648629971414,3919,375,4294
"BCI","ZOI",2003-12-31,1.11271919737151,0.2604,6.5495,1.0147771117945,4261,33,4294,82.9388223298496,60,100,5.08899176306061,3923,371,4294
"BCI","ZOI",2004-12-31,1.08786437455996,0.271,6.5495,1.01648028028094,4261,33,4294,78.1041982802226,61,100,6.20064770427896,3954,340,4294
"BCI","ZOI",2005-12-31,1.04897977000704,0.1601,6.5495,1.0215135639654,4261,33,4294,80.524544534413,59,100,5.33716688296934,3952,342,4294
"BCI","ZOI",2006-12-31,1.10249324102323,0.1846,6.5496,1.01553671550391,4261,33,4294,81.4199949122361,58,100,6.3407400455841,3931,363,4294
"BCI","ZOI",2007-12-31,1.02557878432293,0.093,6.5495,1.02892101992555,4261,33,4294,80.1936137861125,59,100,5.93351587707282,3946,348,4294
"BCI","ZOI",2008-12-31,1.23931016193382,0.3178,6.5496,0.987903124326463,4261,33,4294,77.9246904220369,60,100,6.40125978472904,3957,337,4294
"BCI","ZOI",2009-12-31,1.10927509974184,0.2526,6.5495,1.01205406028807,4261,33,4294,79.244534824606,59,100,6.37793435652745,3934,360,4294
"BCI","ZOI",2010-12-31,0.96374182116874,0.0926,6.5495,1.03931220039912,4261,33,4294,82.2952066954096,64,100,4.98003062994863,3943,351,4294
"BCI","ZOI",2011-12-31,1.12875871861065,0.2404,6.5495,1.00640573310724,4261,33,4294,77.3797372410308,57,100,6.1426117640614,3958,336,4294
"BCI","ZOI",2012-12-31,1.22601555972776,0.2935,6.5495,0.989835635191246,4261,33,4294,79.8666835314951,61,100,6.23759380474153,3953,341,4294
"BCI","ZOI",2013-12-31,1.18607775170148,0.3261,6.5496,0.997773091019283,4261,33,4294,80.7932083122149,62,100,5.34486849796364,3946,348,4294
"BCI","Sample Area",2000-12-31,1.49503592592593,0.2787,6.5429,1.321161883236,270,4,274,76.743119266055,62,98,6.32368624592193,218,56,274
"BCI","Sample Area",2001-12-31,1.43652185185185,0.267,6.5438,1.34047225826247,270,4,274,77.3472222222222,62,98,6.82776763318093,216,58,274
"BCI","Sample Area",2002-12-31,1.4908762962963,0.3125,6.5422,1.32302639843663,270,4,274,78.394495412844,61,100,6.45654506436543,218,56,274
"BCI","Sample Area",2003-12-31,1.46395296296296,0.276,6.5414,1.33106669080213,270,4,274,79.1330275229358,60,100,6.58973584004968,218,56,274
"BCI","Sample Area",2004-12-31,1.42943111111111,0.271,6.5422,1.3420411802039,270,4,274,75.7534246575343,62,100,7.07842209244679,219,55,274
"BCI","Sample Area",2005-12-31,1.39472814814815,0.2343,6.5403,1.35078573651432,270,4,274,77.9220183486239,61,100,7.07356808780048,218,56,274
"BCI","Sample Area",2006-12-31,1.43837444444444,0.2749,6.5437,1.34120072081253,270,4,274,77.2614678899083,58,99,7.10296113051063,218,56,274
"BCI","Sample Area",2007-12-31,1.38054481481481,0.2126,6.5428,1.35981268082897,270,4,274,78.0547945205479,62,100,7.58358393213589,219,55,274
"BCI","Sample Area",2008-12-31,1.56532740740741,0.3379,6.5419,1.29691937219786,270,4,274,72.8630136986301,60,98,6.61867333742329,219,55,274
"BCI","Sample Area",2009-12-31,1.44575814814815,0.2526,6.5395,1.33002667748222,270,4,274,75.6376146788991,59,100,6.50075201592111,218,56,274
"BCI","Sample Area",2010-12-31,1.33433888888889,0.1737,6.5406,1.37219096647735,270,4,274,78.1898148148148,64,99,6.72697367686747,216,58,274
"BCI","Sample Area",2011-12-31,1.45827037037037,0.2404,6.5406,1.32973737483509,270,4,274,72.9770642201835,57,94,7.26867064244207,218,56,274
"BCI","Sample Area",2012-12-31,1.53344037037037,0.2935,6.5405,1.30713926659232,270,4,274,75.8538812785388,62,98,7.30694159118801,219,55,274
"BCI","Sample Area",2013-12-31,1.5120937037037,0.3261,6.5404,1.31566661879784,270,4,274,76.4055299539171,63,100,6.04394147368198,217,57,274
"BCI","Protected Area",2000-12-31,1.13427259259259,0.6964,5.9651,0.780276969714671,135,0,135,77.2222222222222,67,97,3.78816871617702,126,9,135
"BCI","Protected Area",2001-12-31,1.08366222222222,0.5975,5.9633,0.788918474579179,135,0,135,77.9365079365079,70,98,3.70026168100805,126,9,135
"BCI","Protected Area",2002-12-31,1.15123851851852,0.6647,5.9659,0.778098934639639,135,0,135,78.7857142857143,72,100,3.64550603973087,126,9,135
"BCI","Protected Area",2003-12-31,1.10623925925926,0.6085,5.9639,0.7862363413707,135,0,135,79.7857142857143,67,100,3.63891663626886,126,9,135
"BCI","Protected Area",2004-12-31,1.07308666666667,0.5912,5.9623,0.790763428290907,135,0,135,74.7063492063492,65,99,4.30639981481973,126,9,135
"BCI","Protected Area",2005-12-31,1.04434592592593,0.5511,5.9613,0.794725634507737,135,0,135,78.5238095238095,71,96,3.61267609555971,126,9,135
"BCI","Protected Area",2006-12-31,1.07358296296296,0.5595,5.9643,0.792652605349452,135,0,135,78.2936507936508,66,98,4.08914164160149,126,9,135
"BCI","Protected Area",2007-12-31,1.00863259259259,0.5567,5.9619,0.80262144009114,135,0,135,78.1111111111111,67,100,4.51702950572116,126,9,135
"BCI","Protected Area",2008-12-31,1.25272666666667,0.7161,5.9699,0.758213489625941,135,0,135,73.1984126984127,64,91,3.81998919636135,126,9,135
"BCI","Protected Area",2009-12-31,1.10600592592593,0.6203,5.9682,0.783335659431993,135,0,135,76.1349206349206,64,98,4.22630462622499,126,9,135
"BCI","Protected Area",2010-12-31,0.949928888888889,0.5225,5.96,0.81444864363226,135,0,135,78.3888888888889,65,99,4.51304282669194,126,9,135
"BCI","Protected Area",2011-12-31,1.12628,0.6532,5.9668,0.781738793341437,135,0,135,74.1666666666667,63,92,4.75941172835467,126,9,135
"BCI","Protected Area",2012-12-31,1.20957407407407,0.7331,5.9691,0.768005054298022,135,0,135,77,66,96,4.36531785784266,126,9,135
"BCI","Protected Area",2013-12-31,1.17716518518519,0.694,5.9677,0.775911079718307,135,0,135,76.784,69,90,3.10718210685523,125,10,135
"BIF","ZOI",2000-12-31,1.35711398653702,0.2571,6.4968,0.655709414125218,8022,14,8036,55.419123402035,25,100,10.5789138848747,7666,370,8036
"BIF","ZOI",2001-12-31,1.45898763400648,0.3504,6.5002,0.640087965355353,8022,14,8036,59.2312622629169,27,100,10.2948113535776,7645,391,8036
"BIF","ZOI",2002-12-31,1.44492126651708,0.3423,6.4967,0.642894738826127,8022,14,8036,59.3796805446452,31,100,9.36440852223957,7638,398,8036
"BIF","ZOI",2003-12-31,1.52076715282972,0.4278,6.5006,0.633871386523624,8022,14,8036,55.4,27,100,9.86133392479646,7660,376,8036
"BIF","ZOI",2004-12-31,1.45672390924956,0.3468,6.4992,0.643633725227027,8022,14,8036,54.9913860610807,24,100,10.9343869798085,7662,374,8036
"BIF","ZOI",2005-12-31,1.46007783595113,0.3468,6.4985,0.641238996515295,8022,14,8036,54.0208604954368,20,100,10.6767647636503,7670,366,8036
"BIF","ZOI",2006-12-31,1.3834831837447,0.264,6.4976,0.649697976960726,8022,14,8036,57.6718484650555,29,100,10.2402144290381,7655,381,8036
"BIF","ZOI",2007-12-31,1.52271581899776,0.319,6.4982,0.629667589110939,8022,14,8036,56.8236677115987,29,100,10.1917087714792,7656,380,8036
"BIF","ZOI",2008-12-31,1.51735054849165,0.3059,6.4962,0.638959744143287,8022,14,8036,57.7724480460071,26,100,10.2214744600281,7651,385,8036
"BIF","ZOI",2009-12-31,1.41023310895039,0.325,6.4985,0.648206438876809,8022,14,8036,57.1581765935214,25,100,10.4560255998589,7656,380,8036
"BIF","ZOI",2010-12-31,1.44491862378459,0.4013,6.5009,0.638926064783336,8022,14,8036,52.7299517538141,24,100,10.1206192509248,7669,367,8036
"BIF","ZOI",2011-12-31,1.47293181251558,0.392,6.4966,0.639673764583793,8022,14,8036,53.8549648162627,23,100,10.2834047560543,7674,362,8036
"BIF","ZOI",2012-12-31,1.55335084766891,0.4142,6.496,0.639023265456699,8022,14,8036,56.1968411434539,24,100,10.0870697908507,7661,375,8036
"BIF","ZOI",2013-12-31,1.55535625779107,0.3477,6.4988,0.639486718027401,8022,14,8036,51.5569735642662,21,100,11.0111763539265,7679,357,8036
"BIF","Sample Area",2000-12-31,1.4907965625,1.0265,1.6596,0.131806437427746,320,0,320,66.60625,47,81,6.76807634167724,320,0,320
"BIF","Sample Area",2001-12-31,1.5492371875,1.0476,1.7021,0.122696607851529,320,0,320,68.625,53,81,6.4998191438548,320,0,320
"BIF","Sample Area",2002-12-31,1.5954290625,1.0783,1.7554,0.122822736396487,320,0,320,67.0625,52,81,6.10995128476442,320,0,320
"BIF","Sample Area",2003-12-31,1.66551875,1.1013,1.8057,0.129293418912105,320,0,320,64.59375,45,78,6.29753086410269,320,0,320
"BIF","Sample Area",2004-12-31,1.6091475,1.1027,1.7618,0.117949573439704,320,0,320,64.91875,43,78,7.22497572969424,320,0,320
"BIF","Sample Area",2005-12-31,1.6114340625,1.1068,1.7181,0.115380136595293,320,0,320,61.3875,47,72,5.06879011489331,320,0,320
"BIF","Sample Area",2006-12-31,1.4982721875,0.9866,1.6429,0.121556488957764,320,0,320,66.815625,48,77,6.04272195590395,320,0,320
"BIF","Sample Area",2007-12-31,1.64385125,1.1235,1.7949,0.115809270551921,320,0,320,64.890625,50,76,5.4907079886205,320,0,320
"BIF","Sample Area",2008-12-31,1.674264375,1.1275,1.8113,0.128662949801587,320,0,320,64.85,48,78,5.5603838301468,320,0,320
"BIF","Sample Area",2009-12-31,1.5632121875,0.9902,1.7039,0.126873870209387,320,0,320,64.925,48,76,5.71150738548241,320,0,320
"BIF","Sample Area",2010-12-31,1.5889534375,1.071,1.7187,0.115693938687217,320,0,320,61.7,46,75,5.5328032881809,320,0,320
"BIF","Sample Area",2011-12-31,1.6254809375,1.1057,1.7559,0.117097893747588,320,0,320,59.49375,44,75,6.5188387478668,320,0,320
"BIF","Sample Area",2012-12-31,1.7148775,1.1664,1.9047,0.133614829133084,320,0,320,65.053125,49,76,5.88449343028221,320,0,320
"BIF","Sample Area",2013-12-31,1.7426403125,1.1685,1.8997,0.135237436271104,320,0,320,59.6625,42,75,5.91039411720485,320,0,320
"BIF","Protected Area",2000-12-31,1.48355233918129,0.968,1.6596,0.125350178744299,342,0,342,68.0643274853801,51,81,6.29168440522108,342,0,342
"BIF","Protected Area",2001-12-31,1.53875409356725,0.9711,1.76,0.129653015265198,342,0,342,69.6198830409357,52,80,6.24443090187835,342,0,342
"BIF","Protected Area",2002-12-31,1.58052485380117,1.0014,1.7253,0.128630339875508,342,0,342,68.2163742690059,51,81,6.05061454528719,342,0,342
"BIF","Protected Area",2003-12-31,1.66124736842105,1.0657,1.8046,0.13350791922025,342,0,342,66.8508771929825,48,78,5.42001145339769,342,0,342
"BIF","Protected Area",2004-12-31,1.59260263157895,1.0473,1.7545,0.12447869793418,342,0,342,66.8684210526316,46,78,6.61045979726718,342,0,342
"BIF","Protected Area",2005-12-31,1.60435350877193,1.0597,1.733,0.12273529429491,342,0,342,62.3070175438597,47,72,5.0506998899153,342,0,342
"BIF","Protected Area",2006-12-31,1.49176169590643,0.9503,1.6632,0.128431089367711,342,0,342,67.2836257309941,48,77,5.94340076235612,342,0,342
"BIF","Protected Area",2007-12-31,1.61582222222222,1.0584,1.7868,0.129531747612784,342,0,342,66.6608187134503,48,76,5.19436164279401,342,0,342
"BIF","Protected Area",2008-12-31,1.66456023391813,1.0526,1.8127,0.132300752854284,342,0,342,67.2222222222222,53,78,5.26347206278812,342,0,342
"BIF","Protected Area",2009-12-31,1.56337339181287,0.9955,1.7551,0.128706704793663,342,0,342,67.359649122807,53,76,5.36491348026394,342,0,342
"BIF","Protected Area",2010-12-31,1.58077777777778,1.0138,1.714,0.123024011092596,342,0,342,63.6929824561403,51,75,4.96047815956676,342,0,342
"BIF","Protected Area",2011-12-31,1.61810029239766,1.047,1.7685,0.125451653128373,342,0,342,61.4883040935673,40,75,6.21120291813487,342,0,342
"BIF","Protected Area",2012-12-31,1.70391549707602,1.0836,1.8868,0.144177424175334,342,0,342,66.5263157894737,52,76,5.28242345240166,342,0,342
"BIF","Protected Area",2013-12-31,1.73893859649123,1.1131,1.895,0.139289558426278,342,0,342,60.2894736842105,46,75,5.77291230123253,342,0,342
"CAX","ZOI",2000-12-31,0.924995379876797,0.4276,6.2823,0.390008251910887,2922,0,2922,77.1389179755672,60,100,4.16006178467075,2865,57,2922
"CAX","ZOI",2001-12-31,0.85727758384668,0.4135,6.2759,0.394484510361752,2922,0,2922,76.5326580509955,58,100,3.83192921473241,2863,59,2922
"CAX","ZOI",2002-12-31,0.899392710472279,0.4163,6.2816,0.391582413528726,2922,0,2922,77.0219972067039,53,100,3.798064390017,2864,58,2922
"CAX","ZOI",2003-12-31,0.902920396988364,0.4145,6.2755,0.390397070280391,2922,0,2922,78.0618232623123,57,100,3.89825424932401,2863,59,2922
"CAX","ZOI",2004-12-31,0.904775085557837,0.4104,6.2768,0.39052015836983,2922,0,2922,75.5681341719078,57,100,3.77218308141952,2862,60,2922
"CAX","ZOI",2005-12-31,0.763504517453799,0.3031,6.2689,0.401607691208624,2922,0,2922,73.2875566399442,53,100,3.9823427296597,2869,53,2922
"CAX","ZOI",2006-12-31,0.805544490075291,0.3528,6.2693,0.399001370007871,2922,0,2922,76.2910552061496,56,100,3.75203782511073,2862,60,2922
"CAX","ZOI",2007-12-31,0.887635728952772,0.3936,6.2736,0.391790413132619,2922,0,2922,76.1390150192106,59,100,3.71027394973665,2863,59,2922
"CAX","ZOI",2008-12-31,0.861169712525667,0.3923,6.2802,0.39578087749227,2922,0,2922,74.661312849162,55,100,3.94316385695861,2864,58,2922
"CAX","ZOI",2009-12-31,0.721168720054757,0.3009,6.2773,0.405166305008802,2922,0,2922,72.5306620209059,44,100,4.53647168755217,2870,52,2922
"CAX","ZOI",2010-12-31,0.879254277891855,0.4206,6.2817,0.392700621763304,2922,0,2922,70.2660167130919,50,100,4.18896907848551,2872,50,2922
"CAX","ZOI",2011-12-31,0.834632443531828,0.3862,6.2769,0.396100870146087,2922,0,2922,73.187891440501,47,100,4.97555943126652,2874,48,2922
"CAX","ZOI",2012-12-31,0.740217077344285,0.3101,6.2755,0.404359037508249,2922,0,2922,71.599930362117,49,100,4.52606984591625,2872,50,2922
"CAX","ZOI",2013-12-31,0.836988432580424,0.3706,6.2781,0.396603549018174,2922,0,2922,74.7688284518828,53,100,4.43232778179359,2868,54,2922
"CAX","Sample Area",2000-12-31,1.05713247863248,0.6599,5.4307,0.73549905883696,234,0,234,75.2534562211982,63,100,5.25861722593132,217,17,234
"CAX","Sample Area",2001-12-31,0.993550854700855,0.6101,5.4128,0.745218575836512,234,0,234,75.5324074074074,65,97,4.29698279658849,216,18,234
"CAX","Sample Area",2002-12-31,1.03490341880342,0.6337,5.4479,0.740643250343988,234,0,234,76.6388888888889,63,97,4.14943724586411,216,18,234
"CAX","Sample Area",2003-12-31,1.02512094017094,0.5827,5.4511,0.741096243416454,234,0,234,77.6958525345622,68,99,4.30435087122294,217,17,234
"CAX","Sample Area",2004-12-31,1.04122264957265,0.612,5.4417,0.738257576943156,234,0,234,74.6790697674419,65,98,4.26288909422814,215,19,234
"CAX","Sample Area",2005-12-31,0.896551709401709,0.5204,5.4206,0.759147097781469,234,0,234,73.5545454545454,59,100,5.50149230669863,220,14,234
"CAX","Sample Area",2006-12-31,0.941720085470086,0.509,5.4388,0.755838256693545,234,0,234,76.1898148148148,65,99,4.40465799564168,216,18,234
"CAX","Sample Area",2007-12-31,1.01743290598291,0.5992,5.4325,0.739540654489098,234,0,234,76.3981481481482,64,100,4.37421581504099,216,18,234
"CAX","Sample Area",2008-12-31,1.0103452991453,0.5547,5.4421,0.740396945850102,234,0,234,73.0276497695853,58,96,4.93561982550885,217,17,234
"CAX","Sample Area",2009-12-31,0.868020512820513,0.4739,5.4063,0.762303562768257,234,0,234,72.5570776255708,54,100,6.29621865902095,219,15,234
"CAX","Sample Area",2010-12-31,1.01801538461538,0.6156,5.4373,0.741171023062514,234,0,234,70.2818181818182,59,100,6.01540156929282,220,14,234
"CAX","Sample Area",2011-12-31,0.97778717948718,0.5925,5.4251,0.747608200105491,234,0,234,71.9502262443439,52,100,6.36055046527485,221,13,234
"CAX","Sample Area",2012-12-31,0.888132905982906,0.495,5.4208,0.760651952061093,234,0,234,69.9227272727273,52,100,6.06497782340047,220,14,234
"CAX","Sample Area",2013-12-31,0.968327350427351,0.5818,5.4393,0.751245306013078,234,0,234,73.8119266055046,58,100,4.9936775652744,218,16,234
"CAX","Protected Area",2000-12-31,0.864119774011299,0.558,2.1371,0.111206380653116,354,0,354,76.8243626062323,61,98,3.77683973893489,353,1,354
"CAX","Protected Area",2001-12-31,0.793209604519774,0.4135,2.074,0.114348661286815,354,0,354,76.3229461756374,64,100,3.73678890163602,353,1,354
"CAX","Protected Area",2002-12-31,0.839840395480226,0.5422,2.1347,0.11334856381456,354,0,354,77.2492917847025,62,99,3.54037681086566,353,1,354
"CAX","Protected Area",2003-12-31,0.833353672316384,0.5114,2.1375,0.11639317781554,354,0,354,77.1704545454545,60,98,3.56772998259359,352,2,354
"CAX","Protected Area",2004-12-31,0.843030225988701,0.5346,2.12,0.113366098356634,354,0,354,74.985835694051,61,96,3.93517398052713,353,1,354
"CAX","Protected Area",2005-12-31,0.699506497175141,0.3868,2.0224,0.119892769075734,354,0,354,72.9178470254957,53,93,4.15967436298537,353,1,354
"CAX","Protected Area",2006-12-31,0.725962994350283,0.4279,2.1002,0.126135262003745,354,0,354,76.0821529745043,56,97,4.03416431434922,353,1,354
"CAX","Protected Area",2007-12-31,0.829471751412429,0.5096,2.0388,0.110342491250624,354,0,354,76.2634560906516,61,97,3.4733149051871,353,1,354
"CAX","Protected Area",2008-12-31,0.810525706214689,0.4952,2.1291,0.112885914432501,354,0,354,73.2917847025496,55,93,3.88504788772017,353,1,354
"CAX","Protected Area",2009-12-31,0.670595762711864,0.3465,2.0429,0.119242941288574,354,0,354,72.4220963172804,54,92,4.01280183257469,353,1,354
"CAX","Protected Area",2010-12-31,0.81984604519774,0.4952,2.1263,0.114179254222459,354,0,354,70.1926345609065,55,89,3.75866455440654,353,1,354
"CAX","Protected Area",2011-12-31,0.783987288135593,0.4469,2.0981,0.114575045026247,354,0,354,72.2209631728045,50,92,4.36240553183769,353,1,354
"CAX","Protected Area",2012-12-31,0.686705649717514,0.3239,2.0328,0.117625534516348,354,0,354,69.6515580736544,53,91,3.69818046594426,353,1,354
"CAX","Protected Area",2013-12-31,0.771990395480226,0.4254,2.1057,0.116680692676506,354,0,354,73.3739376770538,56,94,4.10744896589945,353,1,354
"COU","ZOI",2000-12-31,2.2747008373852,1.9867,2.3856,0.0493617307368358,3702,0,3702,74.284981091302,57,88,3.82699158835152,3702,0,3702
"COU","ZOI",2001-12-31,2.23992504051864,1.8241,2.3352,0.05708453556987,3702,0,3702,75.762830902215,58,87,3.85679080628769,3702,0,3702
"COU","ZOI",2002-12-31,2.46831121015667,1.816,2.6137,0.0788396367188631,3702,0,3702,73.7096164235548,60,84,3.5156206659228,3702,0,3702
"COU","ZOI",2003-12-31,2.31167504051864,1.8356,2.3878,0.0518274665452737,3702,0,3702,70.7350081037277,55,86,4.04924572751969,3702,0,3702
"COU","ZOI",2004-12-31,2.37183006482982,1.8427,2.4585,0.0566949294380839,3702,0,3702,76.4616423554835,60,86,3.34255447484613,3702,0,3702
"COU","ZOI",2005-12-31,2.22441896272285,1.786,2.3408,0.0481051098236153,3702,0,3702,71.5902215018909,58,80,3.37662731164112,3702,0,3702
"COU","ZOI",2006-12-31,2.25150645596975,1.8995,2.3485,0.0582202950426281,3702,0,3702,73.9713668287412,58,84,3.98663549880558,3702,0,3702
"COU","ZOI",2007-12-31,2.18911075094544,1.8079,2.3074,0.066302779432083,3702,0,3702,75.1977309562399,60,87,3.56463690974362,3702,0,3702
"COU","ZOI",2008-12-31,2.18763835764452,1.5122,2.3305,0.0672158750540762,3702,0,3702,71.4786601836845,58,83,3.15850794325266,3702,0,3702
"COU","ZOI",2009-12-31,2.07793311723393,1.7425,2.2236,0.0616302476026959,3702,0,3702,72.8076715289033,57,84,3.64186612914523,3702,0,3702
"COU","ZOI",2010-12-31,2.15567763371151,1.7709,2.2762,0.0576827400986475,3702,0,3702,72.1374932468936,60,82,3.11818090096376,3702,0,3702
"COU","ZOI",2011-12-31,1.96954027552674,1.6221,2.0892,0.0574732606903856,3702,0,3702,71.7876823338736,60,82,3.55803083752888,3702,0,3702
"COU","ZOI",2012-12-31,2.0249141815235,1.7157,2.1069,0.0405208254370712,3702,0,3702,72.506753106429,61,83,3.10220965135787,3702,0,3702
"COU","ZOI",2013-12-31,1.96663341437061,1.6598,2.0743,0.0487341698132617,3702,0,3702,74.9265262020529,59,85,3.49392552448465,3702,0,3702
"COU","Sample Area",2000-12-31,2.29100615384615,2.1204,2.3351,0.0363426826265161,195,0,195,68.7076923076923,59,79,4.13205875993542,195,0,195
"COU","Sample Area",2001-12-31,2.25917076923077,2.012,2.3352,0.0498308873795571,195,0,195,71.0410256410256,59,80,5.11701819728032,195,0,195
"COU","Sample Area",2002-12-31,2.50948153846154,2.3918,2.556,0.0358017532210842,195,0,195,70.1487179487179,60,78,4.2235759385498,195,0,195
"COU","Sample Area",2003-12-31,2.33499487179487,2.203,2.3736,0.0252266238503201,195,0,195,65.6615384615385,56,74,4.53034530127349,195,0,195
"COU","Sample Area",2004-12-31,2.37100717948718,2.1165,2.4498,0.0745267422407152,195,0,195,74.3076923076923,66,81,4.41969494535449,195,0,195
"COU","Sample Area",2005-12-31,2.22444307692308,2.0564,2.2697,0.0388623660581594,195,0,195,67.1692307692308,58,76,3.77417662531159,195,0,195
"COU","Sample Area",2006-12-31,2.26877897435897,2.0935,2.3096,0.0389296738246967,195,0,195,70.7230769230769,58,80,5.18276592648091,195,0,195
"COU","Sample Area",2007-12-31,2.2118317948718,2.0496,2.2637,0.0357126232318775,195,0,195,71.8102564102564,61,81,5.15430932066462,195,0,195
"COU","Sample Area",2008-12-31,2.21371846153846,2.1178,2.2557,0.0254452002176399,195,0,195,68.3282051282051,58,76,4.19314294923952,195,0,195
"COU","Sample Area",2009-12-31,2.10014256410256,1.9624,2.138,0.026597493944226,195,0,195,69.774358974359,58,76,4.62181726368825,195,0,195
"COU","Sample Area",2010-12-31,2.18369230769231,2.1149,2.2256,0.0207938034065686,195,0,195,69.8820512820513,61,79,3.63281662010275,195,0,195
"COU","Sample Area",2011-12-31,1.99494153846154,1.823,2.03,0.0365544794340324,195,0,195,70.1948717948718,63,78,3.6045467220037,195,0,195
"COU","Sample Area",2012-12-31,2.03701333333333,1.8585,2.0783,0.0337116598059611,195,0,195,71.0102564102564,62,78,3.80584160814478,195,0,195
"COU","Sample Area",2013-12-31,1.98347897435897,1.8134,2.0363,0.0411131681688578,195,0,195,70.2,59,80,4.54485094399066,195,0,195
"COU","Protected Area",2000-12-31,2.22245333647725,0.3926,3.1012,0.232489896674498,16964,0,16964,77.4371977827574,51,97,5.35180130235095,16958,6,16964
"COU","Protected Area",2001-12-31,2.17916726008017,0.3537,3.3929,0.224471215426885,16964,0,16964,78.2496459759264,58,100,5.02997885800369,16948,16,16964
"COU","Protected Area",2002-12-31,2.41940665526998,0.4527,3.5313,0.235956194979784,16964,0,16964,77.1129793510325,54,100,5.15286784193487,16950,14,16964
"COU","Protected Area",2003-12-31,2.25333566965338,0.4185,2.4325,0.221765518629429,16964,0,16964,74.74475359585,52,94,5.32135822248039,16964,0,16964
"COU","Protected Area",2004-12-31,2.32690860646074,0.4262,2.51,0.210499868708682,16964,0,16964,78.2379155859467,56,94,4.42437134105527,16964,0,16964
"COU","Protected Area",2005-12-31,2.19824491275643,0.3866,2.4297,0.213541419670589,16964,0,16964,73.5525819382221,48,94,4.97590786452984,16964,0,16964
"COU","Protected Area",2006-12-31,2.2284531006838,0.3332,2.4523,0.205237250500293,16964,0,16964,75.0801697712804,53,92,4.98613871320194,16964,0,16964
"COU","Protected Area",2007-12-31,2.17337599033247,0.3114,2.4546,0.2060756288397,16964,0,16964,75.9875618957793,53,90,4.25212304013018,16964,0,16964
"COU","Protected Area",2008-12-31,2.15721855694412,0.3698,3.3283,0.214097373858323,16964,0,16964,74.5140936431183,54,99,5.64498926943665,16958,6,16964
"COU","Protected Area",2009-12-31,2.05768484437633,0.3204,2.3621,0.201247931810437,16964,0,16964,75.3152558358878,54,95,5.31019743218936,16964,0,16964
"COU","Protected Area",2010-12-31,2.13250614241924,0.4372,2.4166,0.203693185712131,16964,0,16964,72.7545390238151,49,90,4.6759137185215,16964,0,16964
"COU","Protected Area",2011-12-31,1.96125318910634,0.397,2.2102,0.182728790054924,16964,0,16964,73.8761494930441,56,93,4.81507824314246,16964,0,16964
"COU","Protected Area",2012-12-31,2.00040283541618,0.3833,2.2186,0.175063667012118,16964,0,16964,74.3459679320915,56,93,4.74482696253023,16964,0,16964
"COU","Protected Area",2013-12-31,1.94416048101863,0.4018,3.3371,0.18025268783358,16964,0,16964,75.7360193487494,56,98,5.33081025707274,16952,12,16964
"CSN","ZOI",2000-12-31,1.05502432216906,0.9232,1.1132,0.0237994987786032,5016,0,5016,69.4110845295056,60,78,2.62370297254994,5016,0,5016
"CSN","ZOI",2001-12-31,1.00981160287081,0.8561,1.085,0.0265958814520585,5016,0,5016,68.9429824561404,60,79,3.12815959457695,5016,0,5016
"CSN","ZOI",2002-12-31,0.911750438596491,0.7869,0.9769,0.0230032573836022,5016,0,5016,69.2310606060606,56,81,3.32695570285642,5016,0,5016
"CSN","ZOI",2003-12-31,1.00645835326954,0.8514,1.0784,0.0251183458076217,5016,0,5016,68.1363636363636,56,79,3.49124320510529,5016,0,5016
"CSN","ZOI",2004-12-31,0.973894696969697,0.8605,1.0357,0.0203905372601754,5016,0,5016,65.1832137161085,54,74,3.12965510810571,5016,0,5016
"CSN","ZOI",2005-12-31,0.97677033492823,0.8357,1.035,0.0223822877461891,5016,0,5016,65.0281100478469,55,74,2.77882021212901,5016,0,5016
"CSN","ZOI",2006-12-31,0.976511662679426,0.8152,1.0513,0.0305292818519444,5016,0,5016,68.4322169059011,56,79,3.1522659165077,5016,0,5016
"CSN","ZOI",2007-12-31,0.957248983253589,0.8445,1.0298,0.024040575267355,5016,0,5016,68.3853668261563,59,78,2.90192241864535,5016,0,5016
"CSN","ZOI",2008-12-31,1.03214986044657,0.8803,1.1101,0.0261557755418926,5016,0,5016,68.5249202551834,55,79,3.25355499926169,5016,0,5016
"CSN","ZOI",2009-12-31,1.02717713317384,0.9123,1.0999,0.0262791342085457,5016,0,5016,66.497009569378,56,76,3.02551315303546,5016,0,5016
"CSN","ZOI",2010-12-31,0.985248983253589,0.8274,1.065,0.0250689168331891,5016,0,5016,67.4216507177033,56,77,3.03134863102926,5016,0,5016
"CSN","ZOI",2011-12-31,1.111255761563,0.9976,1.1929,0.0238606053827323,5016,0,5016,63.8504784688995,54,74,2.82327100944218,5016,0,5016
"CSN","ZOI",2012-12-31,0.963829605263158,0.8299,1.0376,0.0229729226091081,5016,0,5016,63.8197767145136,51,75,3.08926931091447,5016,0,5016
"CSN","ZOI",2013-12-31,0.997988297448166,0.7884,1.0722,0.0316165842464647,5016,0,5016,66.9066985645933,55,76,3.19765414165089,5016,0,5016
"CSN","Sample Area",2000-12-31,1.06389377777778,0.967,1.1132,0.0223911784376213,225,0,225,68.3555555555556,62,74,2.52978291307803,225,0,225
"CSN","Sample Area",2001-12-31,1.009404,0.9391,1.0644,0.0233299457319802,225,0,225,67.8177777777778,61,73,2.66385268194604,225,0,225
"CSN","Sample Area",2002-12-31,0.920192888888889,0.877,0.9593,0.0152866171369621,225,0,225,65.4933333333333,56,73,3.31544006990669,225,0,225
"CSN","Sample Area",2003-12-31,1.01416,0.9441,1.0572,0.0219788148809582,225,0,225,67.68,57,73,3.0185142986954,225,0,225
"CSN","Sample Area",2004-12-31,0.979765333333333,0.9236,1.0202,0.018017537290096,225,0,225,63.72,55,72,2.94242368513733,225,0,225
"CSN","Sample Area",2005-12-31,0.979093777777778,0.9183,1.0207,0.0179052954169501,225,0,225,64.24,56,71,2.63140375356685,225,0,225
"CSN","Sample Area",2006-12-31,0.975192444444445,0.8317,1.031,0.0342830756061336,225,0,225,66.3777777777778,57,74,3.26704929731878,225,0,225
"CSN","Sample Area",2007-12-31,0.960962666666667,0.8959,1.0073,0.0216306894249814,225,0,225,67.7244444444444,61,74,2.73609761498565,225,0,225
"CSN","Sample Area",2008-12-31,1.04072755555556,0.9177,1.085,0.0234742610901847,225,0,225,66.64,55,74,4.10565811672484,225,0,225
"CSN","Sample Area",2009-12-31,1.02711555555556,0.9468,1.0759,0.0225971627836995,225,0,225,65.8933333333333,60,73,2.41963692671914,225,0,225
"CSN","Sample Area",2010-12-31,0.984805333333333,0.8833,1.0463,0.0257911904948736,225,0,225,67.2044444444444,62,74,2.15948443288508,225,0,225
"CSN","Sample Area",2011-12-31,1.11711288888889,1.0599,1.1722,0.0201860158258294,225,0,225,64.0888888888889,56,71,2.72899626876268,225,0,225
"CSN","Sample Area",2012-12-31,0.965181333333333,0.9124,1.014,0.0210166878422158,225,0,225,63.5022222222222,55,71,2.97027602800475,225,0,225
"CSN","Sample Area",2013-12-31,1.00851066666667,0.9244,1.0676,0.0250447950822978,225,0,225,64.3688888888889,55,74,3.40324308448037,225,0,225
"CSN","Protected Area",2000-12-31,1.05939113486131,0.6625,1.1423,0.0366147220171844,16187,0,16187,72.0258849694199,58,91,3.40148965227797,16187,0,16187
"CSN","Protected Area",2001-12-31,1.01090295298696,0.5348,1.1353,0.0454604587004395,16187,0,16187,72.8534626552171,59,89,3.5833305514886,16187,0,16187
"CSN","Protected Area",2002-12-31,0.959730413294619,0.5916,1.103,0.0502115677852209,16187,0,16187,72.0480014826713,56,90,3.67879452424436,16187,0,16187
"CSN","Protected Area",2003-12-31,1.00478627911287,0.5839,1.1112,0.0400553702262367,16187,0,16187,72.4169395193674,57,92,4.12270908630383,16187,0,16187
"CSN","Protected Area",2004-12-31,0.984321875579169,0.6065,1.0927,0.0312341134548842,16187,0,16187,67.9274108852783,55,85,3.80560392903487,16187,0,16187
"CSN","Protected Area",2005-12-31,0.98156987706184,0.6206,1.0695,0.0310561141902208,16187,0,16187,68.6912337060604,56,88,4.40922828680828,16187,0,16187
"CSN","Protected Area",2006-12-31,0.994922567492432,0.5759,1.133,0.043458597909316,16187,0,16187,72.2091184283684,56,90,4.04588117248628,16187,0,16187
"CSN","Protected Area",2007-12-31,0.975581219497127,0.5556,1.0785,0.0370510660045709,16187,0,16187,70.4472725026256,58,92,3.85776513700344,16187,0,16187
"CSN","Protected Area",2008-12-31,1.02787207017977,0.6448,1.1227,0.0323109897060508,16187,0,16187,71.5117069253104,55,90,4.28788081448832,16187,0,16187
"CSN","Protected Area",2009-12-31,1.04633974176809,0.6098,1.1632,0.0439478927190161,16187,0,16187,68.2731204052635,54,88,4.1090980078573,16187,0,16187
"CSN","Protected Area",2010-12-31,0.999202909742386,0.5015,1.1218,0.0429744925573493,16187,0,16187,70.4821770556619,59,87,3.6713127769943,16187,0,16187
"CSN","Protected Area",2011-12-31,1.09219469945018,0.6632,1.1841,0.0330013979473294,16187,0,16187,66.6648545128807,54,83,3.7721857888204,16187,0,16187
"CSN","Protected Area",2012-12-31,0.968148854018657,0.6002,1.0559,0.0327357688749713,16187,0,16187,68.1058256625687,53,85,4.49040137131124,16187,0,16187
"CSN","Protected Area",2013-12-31,1.00143099400754,0.5208,1.1339,0.0482459750498189,16187,0,16187,70.5184407240378,55,89,3.93618976399021,16187,0,16187
"KRP","ZOI",2000-12-31,0.770546705882353,0.0933,5.5873,0.540673864836699,1700,0,1700,73.272896039604,62,100,4.31791235293603,1616,84,1700
"KRP","ZOI",2001-12-31,0.857920529411765,0.2249,5.5897,0.535031393540492,1700,0,1700,77.9689633767846,66,100,3.92605947000449,1611,89,1700
"KRP","ZOI",2002-12-31,0.869140235294118,0.2233,5.617,0.534304298884905,1700,0,1700,75.2949194547707,64,100,4.53406328878564,1614,86,1700
"KRP","ZOI",2003-12-31,0.848525647058824,0.2912,5.6196,0.534182042707264,1700,0,1700,79.1287313432836,69,100,3.82767837271056,1608,92,1700
"KRP","ZOI",2004-12-31,0.871894352941177,0.2538,5.6035,0.531977939399855,1700,0,1700,77.0588599752168,67,100,3.9317967401588,1614,86,1700
"KRP","ZOI",2005-12-31,0.795600764705882,0.2155,5.5956,0.541776831461352,1700,0,1700,77.5158483530143,64,100,4.2477566413875,1609,91,1700
"KRP","ZOI",2006-12-31,0.918153529411765,0.2239,5.6287,0.529426523765485,1700,0,1700,76.8638059701493,66,100,4.11193517634954,1608,92,1700
"KRP","ZOI",2007-12-31,0.824357235294118,0.2507,5.5944,0.541413162421459,1700,0,1700,75.3285714285714,63,100,4.52856315211304,1610,90,1700
"KRP","ZOI",2008-12-31,0.837770941176471,0.1982,5.5942,0.530244507841091,1700,0,1700,72.8428217821782,60,99,4.84726961749492,1616,84,1700
"KRP","ZOI",2009-12-31,0.854855,0.2546,5.6098,0.537827534396896,1700,0,1700,79.714196762142,67,100,3.79356861178902,1606,94,1700
"KRP","ZOI",2010-12-31,0.869501588235294,0.2461,5.6026,0.530442931514512,1700,0,1700,75.5843113032736,63,100,4.3486242021881,1619,81,1700
"KRP","ZOI",2011-12-31,0.871460294117647,0.2913,5.6253,0.534189811399114,1700,0,1700,77.7563704164077,67,100,3.87462862955086,1609,91,1700
"KRP","ZOI",2012-12-31,0.812509529411765,0.2123,5.5926,0.543622830704658,1700,0,1700,79.1174642635177,67,100,4.08239144793845,1609,91,1700
"KRP","ZOI",2013-12-31,0.909679647058824,0.1664,5.65,0.535604284790264,1700,0,1700,76.3499377334994,65,100,5.19677200273948,1606,94,1700
"KRP","Sample Area",2000-12-31,0.653553374233129,0.4103,0.7825,0.0738092045534693,163,0,163,74.920245398773,68,82,2.83492677435431,163,0,163
"KRP","Sample Area",2001-12-31,0.709022085889571,0.5408,0.8609,0.0701713027627724,163,0,163,79.3803680981595,68,87,3.60248300680026,163,0,163
"KRP","Sample Area",2002-12-31,0.757977914110429,0.527,0.8803,0.0745187564627726,163,0,163,77.8834355828221,67,84,3.07196128696352,163,0,163
"KRP","Sample Area",2003-12-31,0.74780736196319,0.4641,0.8771,0.0804928672235124,163,0,163,80.0184049079755,73,86,2.50548138012411,163,0,163
"KRP","Sample Area",2004-12-31,0.748658895705521,0.5301,0.8762,0.0696936105348998,163,0,163,78.319018404908,73,83,2.43103778447307,163,0,163
"KRP","Sample Area",2005-12-31,0.665998159509202,0.4632,0.8022,0.0671322414052879,163,0,163,78.0184049079755,70,85,2.97618612652651,163,0,163
"KRP","Sample Area",2006-12-31,0.818034969325153,0.5953,0.9657,0.0786700850903082,163,0,163,77.840490797546,72,83,2.3038517944877,163,0,163
"KRP","Sample Area",2007-12-31,0.725898773006135,0.4809,0.8702,0.0822593519676609,163,0,163,77.5766871165644,71,83,2.70777505475966,163,0,163
"KRP","Sample Area",2008-12-31,0.721081595092025,0.5435,0.83,0.054657574039735,163,0,163,75.1104294478528,65,81,3.1836894021713,163,0,163
"KRP","Sample Area",2009-12-31,0.694261349693252,0.4689,0.8819,0.0829661766016458,163,0,163,80.4539877300613,73,87,2.79152698155282,163,0,163
"KRP","Sample Area",2010-12-31,0.75368773006135,0.5586,0.869,0.0630692738606479,163,0,163,78.6073619631902,70,85,2.89622057431534,163,0,163
"KRP","Sample Area",2011-12-31,0.752615337423313,0.4746,0.9201,0.0858638942953223,163,0,163,77.5276073619632,69,82,3.21323052593258,163,0,163
"KRP","Sample Area",2012-12-31,0.630415950920245,0.4131,0.8275,0.0834407780866243,163,0,163,80.2208588957055,71,87,3.12304168739408,163,0,163
"KRP","Sample Area",2013-12-31,0.728186503067485,0.4593,0.9763,0.0988662193212685,163,0,163,79.1656441717791,72,86,2.83336340655278,163,0,163
"KRP","Protected Area",2000-12-31,0.676735007727975,0.3385,0.8336,0.0835240436374173,1294,0,1294,71.6839258114374,58,82,4.01425588555057,1294,0,1294
"KRP","Protected Area",2001-12-31,0.763774729520866,0.4058,0.9334,0.0906209344124952,1294,0,1294,76.9459041731066,64,87,3.9331432529855,1294,0,1294
"KRP","Protected Area",2002-12-31,0.777069938176198,0.383,0.9069,0.0798597428684148,1294,0,1294,74.6275115919629,63,84,3.89662044335891,1294,0,1294
"KRP","Protected Area",2003-12-31,0.765332921174652,0.3325,0.9352,0.107114205077007,1294,0,1294,78.2086553323029,67,89,3.42702772016822,1294,0,1294
"KRP","Protected Area",2004-12-31,0.780176970633694,0.5023,0.9119,0.0844676457676849,1294,0,1294,75.1476043276662,60,86,4.36739019528569,1294,0,1294
"KRP","Protected Area",2005-12-31,0.700111978361669,0.3577,0.8656,0.0889729155080067,1294,0,1294,76.3825347758887,64,87,3.7833482682741,1294,0,1294
"KRP","Protected Area",2006-12-31,0.825111669242658,0.3884,0.9776,0.10047554582298,1294,0,1294,75.0788253477589,63,89,4.07413509954938,1294,0,1294
"KRP","Protected Area",2007-12-31,0.724754404945904,0.339,0.8954,0.0981159776267602,1294,0,1294,73.9721792890263,63,86,3.93125364039954,1294,0,1294
"KRP","Protected Area",2008-12-31,0.743488717156105,0.3858,0.8563,0.0793979242506116,1294,0,1294,71.7836166924266,57,82,4.08905246919231,1294,0,1294
"KRP","Protected Area",2009-12-31,0.769055873261206,0.3692,0.9395,0.10925316077929,1294,0,1294,77.4273570324575,62,87,4.58491014662559,1294,0,1294
"KRP","Protected Area",2010-12-31,0.776456491499227,0.4035,0.9109,0.0882957126346506,1294,0,1294,73.3693972179289,59,86,5.34729139244852,1294,0,1294
"KRP","Protected Area",2011-12-31,0.781254173106646,0.4132,0.9506,0.102265137532665,1294,0,1294,75.806800618238,62,88,4.32279343052261,1294,0,1294
"KRP","Protected Area",2012-12-31,0.731608964451314,0.3561,0.931,0.125817956537098,1294,0,1294,77.0255023183926,64,89,4.27262717091057,1294,0,1294
"KRP","Protected Area",2013-12-31,0.830786939721793,0.3446,1.0121,0.124041296572706,1294,0,1294,74.5772797527048,62,88,4.98379213924342,1294,0,1294
"MAS","ZOI",2000-12-31,0.952045708365143,0.3134,6.5498,0.651700668844881,9169,40,9209,73.9932682598452,46,99,3.52265042108667,8913,296,9209
"MAS","ZOI",2001-12-31,0.873540582397208,0.1504,6.5498,0.658595064868184,9169,40,9209,70.5125673249551,51,100,3.80604555537191,8912,297,9209
"MAS","ZOI",2002-12-31,0.796175668011779,0.1426,6.5498,0.667881476076822,9169,40,9209,69.7989453607091,52,100,3.80534724418574,8913,296,9209
"MAS","ZOI",2003-12-31,0.888997437016032,0.2786,6.5498,0.660168895060521,9169,40,9209,71.841579715023,46,100,3.66234034764578,8913,296,9209
"MAS","ZOI",2004-12-31,0.962983593323879,0.1717,6.5499,0.644951398916263,9167,42,9209,72.1603858232391,52,100,3.58257527092163,8916,293,9209
"MAS","ZOI",2005-12-31,0.755939856020942,0.1285,6.5498,0.676944305618253,9168,41,9209,73.1576111360575,53,99,3.50218001306903,8908,301,9209
"MAS","ZOI",2006-12-31,0.834747736939688,0.2235,6.5498,0.664224943128218,9169,40,9209,69.1398114901257,48,100,3.72668820997925,8912,297,9209
"MAS","ZOI",2007-12-31,0.93178458937725,0.2933,6.5498,0.661067561755642,9169,40,9209,72.6678639577955,53,100,3.95368064509103,8909,300,9209
"MAS","ZOI",2008-12-31,0.93028656342022,0.1555,6.5498,0.654233073141866,9169,40,9209,72.7684706939142,54,100,4.05665363250151,8906,303,9209
"MAS","ZOI",2009-12-31,0.755312902170357,0.1079,6.5498,0.674519598786747,9169,40,9209,68.2485964518302,52,100,3.94281993294837,8906,303,9209
"MAS","ZOI",2010-12-31,0.971640331551969,0.3762,6.5498,0.647160670561438,9169,40,9209,71.2565715569535,54,100,3.59098583354259,8902,307,9209
"MAS","ZOI",2011-12-31,0.912136354712042,0.3325,6.5498,0.662180516297283,9168,41,9209,67.8866674154779,50,100,3.83996074454973,8903,306,9209
"MAS","ZOI",2012-12-31,0.841482691678482,0.2283,6.5498,0.668207236562962,9169,40,9209,67.7683844167509,48,100,3.81910724862276,8907,302,9209
"MAS","ZOI",2013-12-31,0.928777038087963,0.2759,6.5498,0.661943001396394,9163,46,9209,69.7841087884918,48,100,3.61192486555666,8898,311,9209
"MAS","Sample Area",2000-12-31,0.86412921686747,0.7527,0.9283,0.0222980095162746,332,0,332,73.9819277108434,67,80,2.47518900756231,332,0,332
"MAS","Sample Area",2001-12-31,0.78259156626506,0.693,0.8256,0.0188563656849494,332,0,332,69.2831325301205,62,79,2.78178448137373,332,0,332
"MAS","Sample Area",2002-12-31,0.702334337349398,0.6293,0.7499,0.0193935368243275,332,0,332,69.5030120481928,60,77,2.88081317612678,332,0,332
"MAS","Sample Area",2003-12-31,0.795801204819277,0.6915,0.8656,0.0253680329990701,332,0,332,71.6234939759036,63,77,2.56158982626612,332,0,332
"MAS","Sample Area",2004-12-31,0.875747891566265,0.7918,0.9242,0.0202536743542058,332,0,332,72.3433734939759,65,79,2.51692483787995,332,0,332
"MAS","Sample Area",2005-12-31,0.659742469879518,0.5727,0.7637,0.0323775784553217,332,0,332,72.1807228915663,65,80,2.67874966690876,332,0,332
"MAS","Sample Area",2006-12-31,0.745189457831325,0.6261,0.8073,0.0270020013302365,332,0,332,69.2951807228916,61,77,2.87770484303293,332,0,332
"MAS","Sample Area",2007-12-31,0.828979819277109,0.7428,0.9067,0.025991685562815,332,0,332,73.683734939759,66,82,3.18312780522474,332,0,332
"MAS","Sample Area",2008-12-31,0.826646987951807,0.7297,0.9052,0.0347655499772461,332,0,332,73.1325301204819,67,80,2.70401328380043,332,0,332
"MAS","Sample Area",2009-12-31,0.653684036144578,0.553,0.7086,0.0277283360575121,332,0,332,67.3644578313253,59,73,2.41527152990531,332,0,332
"MAS","Sample Area",2010-12-31,0.878946084337349,0.7591,0.9439,0.0261095059091638,332,0,332,71.3765060240964,59,80,3.46407403259325,332,0,332
"MAS","Sample Area",2011-12-31,0.811331325301205,0.699,0.8608,0.0206928767620996,332,0,332,66.8313253012048,59,73,2.57841037287689,332,0,332
"MAS","Sample Area",2012-12-31,0.754478012048193,0.6662,0.8291,0.0251619557383745,332,0,332,67.7048192771084,59,74,2.9173262440753,332,0,332
"MAS","Sample Area",2013-12-31,0.827364457831325,0.7084,0.88,0.0215993440514148,332,0,332,69.2620481927711,63,75,2.47903707016525,332,0,332
"MAS","Protected Area",2000-12-31,0.882599681234796,0.1011,5.8059,0.206769917805503,11921,1,11922,74.2550177095632,52,100,3.64673989385638,11858,64,11922
"MAS","Protected Area",2001-12-31,0.823879909403574,0.0369,5.8099,0.210094571094897,11921,1,11922,71.9223112610713,54,100,3.59439049719854,11855,67,11922
"MAS","Protected Area",2002-12-31,0.77092428487543,0.0195,5.8034,0.215965366991778,11921,1,11922,69.547807757167,55,100,3.70740153257796,11860,62,11922
"MAS","Protected Area",2003-12-31,0.822378315577552,0.2184,5.8011,0.210873087003846,11921,1,11922,72.0574198988196,49,100,4.03258396757103,11860,62,11922
"MAS","Protected Area",2004-12-31,0.899147202415905,0.1045,5.8075,0.207375361913994,11921,1,11922,72.9357504215852,52,100,3.30870879803825,11860,62,11922
"MAS","Protected Area",2005-12-31,0.702687190671924,0.0014,5.7999,0.216795639512372,11921,1,11922,73.6195578805265,55,100,3.34735088562668,11852,70,11922
"MAS","Protected Area",2006-12-31,0.786513891452059,0,5.8005,0.212517670950929,11921,1,11922,69.9189006912831,47,100,3.68606138275141,11862,60,11922
"MAS","Protected Area",2007-12-31,0.833670480664374,0,5.8024,0.209480044468158,11921,1,11922,73.1645719105862,55,100,4.00867879346536,11855,67,11922
"MAS","Protected Area",2008-12-31,0.839951438637698,0.0052,5.8105,0.212476084859924,11921,1,11922,71.4583333333333,51,100,4.2386167963627,11856,66,11922
"MAS","Protected Area",2009-12-31,0.714465481083802,0.0359,5.8057,0.216807097796223,11921,1,11922,68.6039946064386,52,100,3.90722768792409,11866,56,11922
"MAS","Protected Area",2010-12-31,0.911600905964265,0.2811,5.8063,0.206295776667036,11921,1,11922,71.9544342249599,53,99,3.41534628575223,11851,71,11922
"MAS","Protected Area",2011-12-31,0.840415543997987,0.0343,5.8042,0.20925282885391,11921,1,11922,65.9636930334428,49,100,4.17209157125936,11871,51,11922
"MAS","Protected Area",2012-12-31,0.795149735760423,0,5.8062,0.211990120235168,11921,1,11922,68.3027646662171,51,100,4.08848506588217,11864,58,11922
"MAS","Protected Area",2013-12-31,0.842880941196208,0,5.8069,0.208735682981657,11921,1,11922,69.2726812816189,50,100,3.83177924042277,11860,62,11922
"NAK","ZOI",2000-12-31,1.11241304192366,0.3539,2.988,0.140969551191874,11187,0,11187,64.9137282978343,46,100,6.15341932712828,11174,13,11187
"NAK","ZOI",2001-12-31,1.01742994547242,0.3107,2.9615,0.129753568326647,11187,0,11187,65.406837300877,46,100,6.06305450068668,11174,13,11187
"NAK","ZOI",2002-12-31,0.929569464557075,0.2936,2.9321,0.118098656149846,11187,0,11187,65.8939122649955,53,99,4.83326883202786,11170,17,11187
"NAK","ZOI",2003-12-31,1.13552892643247,0.3801,3.0026,0.142860587650933,11187,0,11187,62.0788437444067,42,100,5.43516284361335,11174,13,11187
"NAK","ZOI",2004-12-31,1.05809665683383,0.355,2.9881,0.134057024352332,11187,0,11187,60.6548886304678,41,100,7.01184081694565,11179,8,11187
"NAK","ZOI",2005-12-31,0.928511844104765,0.313,2.9317,0.121368280052424,11187,0,11187,62.6790477042871,46,100,4.88205927666211,11173,14,11187
"NAK","ZOI",2006-12-31,1.15910538124609,0.4215,3.0055,0.13586891749246,11187,0,11187,60.5458366872373,40,100,6.50692323398461,11181,6,11187
"NAK","ZOI",2007-12-31,1.11792008581389,0.3787,2.9906,0.139223211411779,11187,0,11187,60.8322147651007,41,100,5.77075636475409,11175,12,11187
"NAK","ZOI",2008-12-31,1.1361154643783,0.3654,2.9828,0.145115196971157,11187,0,11187,66.792569382274,46,100,5.74628760372337,11170,17,11187
"NAK","ZOI",2009-12-31,1.11721147760794,0.3876,2.998,0.142313240331064,11187,0,11187,59.744610430271,44,100,5.73480444291064,11179,8,11187
"NAK","ZOI",2010-12-31,0.91296876731921,0.298,2.9246,0.119617938702224,11187,0,11187,63.0319577477397,43,99,5.0952572527074,11171,16,11187
"NAK","ZOI",2011-12-31,1.07301227317422,0.3444,2.9627,0.144767610086549,11187,0,11187,60.5764274207983,45,100,5.52582143174545,11174,13,11187
"NAK","ZOI",2012-12-31,1.02250200232413,0.3667,2.9696,0.128902082553955,11187,0,11187,63.7877485222998,46,99,5.44571355732988,11166,21,11187
"NAK","ZOI",2013-12-31,1.07437187807276,0.3591,2.9749,0.142942953145026,11187,0,11187,62.1987827799159,45,100,5.14159953509142,11173,14,11187
"NAK","Sample Area",2000-12-31,1.13574561403509,0.7741,1.2193,0.0566538545182928,228,0,228,69.6578947368421,59,77,3.30352620939862,228,0,228
"NAK","Sample Area",2001-12-31,1.05873859649123,0.7344,1.1314,0.0489458561038577,228,0,228,70.4122807017544,59,78,3.01336641554584,228,0,228
"NAK","Sample Area",2002-12-31,0.956095175438597,0.6019,1.0399,0.0512732682622736,228,0,228,67.4342105263158,58,75,3.33055085196276,228,0,228
"NAK","Sample Area",2003-12-31,1.1583951754386,0.7742,1.2266,0.0503100065669051,228,0,228,64.2631578947368,57,72,3.76993118945125,228,0,228
"NAK","Sample Area",2004-12-31,1.09432280701754,0.6482,1.1602,0.0599391894998666,228,0,228,66.5964912280702,57,75,3.84093256445364,228,0,228
"NAK","Sample Area",2005-12-31,0.953375,0.551,1.0144,0.0484615378396078,228,0,228,65.609649122807,60,72,2.82083092386134,228,0,228
"NAK","Sample Area",2006-12-31,1.18788289473684,0.7954,1.2544,0.0543330852746302,228,0,228,62.9298245614035,55,71,3.55750568026545,228,0,228
"NAK","Sample Area",2007-12-31,1.14972543859649,0.8009,1.2107,0.0459049800287152,228,0,228,63.6491228070175,57,74,3.64500129896184,228,0,228
"NAK","Sample Area",2008-12-31,1.17886140350877,0.8098,1.2423,0.052639194135691,228,0,228,68.3552631578947,59,76,3.38578505801494,228,0,228
"NAK","Sample Area",2009-12-31,1.14519035087719,0.7212,1.1897,0.0507202936547355,228,0,228,62.1447368421053,51,72,5.03652897931877,228,0,228
"NAK","Sample Area",2010-12-31,0.960496929824561,0.5807,1.0379,0.0465623057475002,228,0,228,64.8508771929825,57,75,3.72923314421113,228,0,228
"NAK","Sample Area",2011-12-31,1.11759605263158,0.7247,1.1638,0.0514831209860492,228,0,228,62.25,54,69,3.15443188682754,228,0,228
"NAK","Sample Area",2012-12-31,1.05612456140351,0.742,1.1491,0.0481679341332116,228,0,228,68.3026315789474,58,77,3.53467307528299,228,0,228
"NAK","Sample Area",2013-12-31,1.12132763157895,0.7166,1.1906,0.0477136990238871,228,0,228,65.5657894736842,55,75,4.01539611768442,228,0,228
"NAK","Protected Area",2000-12-31,1.14014712166172,0.7714,1.2193,0.0526533428397209,1685,0,1685,67.8166172106825,52,78,4.72600419258447,1685,0,1685
"NAK","Protected Area",2001-12-31,1.05455252225519,0.6986,1.1314,0.0466944355340746,1685,0,1685,68.7905044510386,50,80,4.37297955186792,1685,0,1685
"NAK","Protected Area",2002-12-31,0.942672997032641,0.593,1.0399,0.0450231877535331,1685,0,1685,67.3305637982196,57,77,3.95782966483078,1685,0,1685
"NAK","Protected Area",2003-12-31,1.15916587537092,0.7542,1.237,0.0493917690056453,1685,0,1685,63.2908011869436,48,73,4.37993070764813,1685,0,1685
"NAK","Protected Area",2004-12-31,1.09289323442137,0.6482,1.1689,0.0485653074448869,1685,0,1685,64.6035608308605,44,76,5.66352555876279,1685,0,1685
"NAK","Protected Area",2005-12-31,0.946544391691395,0.545,1.0453,0.0416947838428738,1685,0,1685,63.9477744807122,53,73,3.86095967251878,1685,0,1685
"NAK","Protected Area",2006-12-31,1.1899084272997,0.7806,1.2622,0.0459396579612216,1685,0,1685,61.7703264094955,47,72,4.18799014719066,1685,0,1685
"NAK","Protected Area",2007-12-31,1.15147548961424,0.7813,1.2187,0.0455792121802226,1685,0,1685,62.3887240356083,48,74,4.13521360294356,1685,0,1685
"NAK","Protected Area",2008-12-31,1.17219388724036,0.7807,1.243,0.0496287726569838,1685,0,1685,68.3691394658754,51,78,4.11405066298607,1685,0,1685
"NAK","Protected Area",2009-12-31,1.14565388724036,0.7212,1.2207,0.0520296066538103,1685,0,1685,61.4522255192878,48,72,4.81161772949224,1685,0,1685
"NAK","Protected Area",2010-12-31,0.950882848664688,0.5666,1.0379,0.0441384258663701,1685,0,1685,63.766765578635,43,75,4.17116977449379,1685,0,1685
"NAK","Protected Area",2011-12-31,1.10869697329377,0.7234,1.1664,0.0473082472519804,1685,0,1685,61.1679525222552,49,74,3.59891358608675,1685,0,1685
"NAK","Protected Area",2012-12-31,1.05830409495549,0.7315,1.1491,0.0455934644813421,1685,0,1685,66.486646884273,54,77,4.72453478681643,1685,0,1685
"NAK","Protected Area",2013-12-31,1.11947928783383,0.7166,1.1936,0.0465038588490629,1685,0,1685,64.6231454005935,51,77,4.60156544991933,1685,0,1685
"NNN","ZOI",2000-12-31,0.892939562363239,0.7591,0.9559,0.0272323602795154,2285,0,2285,65.4612691466083,56,75,2.66322019764346,2285,0,2285
"NNN","ZOI",2001-12-31,1.07461330415755,0.9941,1.121,0.0162768492396588,2285,0,2285,65.2030634573304,55,74,3.01976693842981,2285,0,2285
"NNN","ZOI",2002-12-31,1.07725177242888,0.9622,1.1307,0.0173424724546807,2285,0,2285,64.9960612691466,54,75,3.08057047104389,2285,0,2285
"NNN","ZOI",2003-12-31,1.0016772428884,0.9211,1.0482,0.0193760275884801,2285,0,2285,65.9317286652079,55,74,2.53222226386146,2285,0,2285
"NNN","ZOI",2004-12-31,0.982474573304158,0.8731,1.0554,0.0282086700964727,2285,0,2285,68.2669584245077,57,78,3.61483827608943,2285,0,2285
"NNN","ZOI",2005-12-31,0.885862757111597,0.8257,0.9459,0.0174263579453407,2285,0,2285,63.2411378555799,52,74,3.74622594918353,2285,0,2285
"NNN","ZOI",2006-12-31,0.938981400437637,0.8745,0.9834,0.0144559218850805,2285,0,2285,61.928227571116,50,71,3.22752428542177,2285,0,2285
"NNN","ZOI",2007-12-31,1.03231781181619,0.9437,1.0853,0.0165680611479134,2285,0,2285,66.1505470459519,56,75,2.85954111723107,2285,0,2285
"NNN","ZOI",2008-12-31,1.03305474835886,0.9728,1.0835,0.0135181103953319,2285,0,2285,59.0245076586433,47,72,3.88239027894824,2285,0,2285
"NNN","ZOI",2009-12-31,1.10865374179431,1.0274,1.1495,0.0146150292775173,2285,0,2285,62.8582056892779,55,72,2.99416088512452,2285,0,2285
"NNN","ZOI",2010-12-31,1.01736411378556,0.9518,1.0652,0.0152848026312303,2285,0,2285,59.9894967177243,49,69,2.8776684046501,2285,0,2285
"NNN","ZOI",2011-12-31,1.07080490153173,1.0066,1.1235,0.017733631918145,2285,0,2285,58.9868708971554,49,69,2.80227001169391,2285,0,2285
"NNN","ZOI",2012-12-31,1.03238967177243,0.9486,1.0905,0.0219737300991867,2285,0,2285,63.4498905908096,52,72,3.32410874987855,2285,0,2285
"NNN","ZOI",2013-12-31,1.13849426695842,1.0409,1.1823,0.0168096145516052,2285,0,2285,61.9032822757112,52,70,3.04962067226669,2285,0,2285
"NNN","Sample Area",2000-12-31,0.888300456621005,0.7964,0.9543,0.0355301222478407,219,0,219,66.027397260274,60,71,2.12438400833156,219,0,219
"NNN","Sample Area",2001-12-31,1.08289360730594,1.029,1.121,0.0164652192571048,219,0,219,64.703196347032,58,71,2.78899192810457,219,0,219
"NNN","Sample Area",2002-12-31,1.07205707762557,1.0253,1.1083,0.0159348870809597,219,0,219,64.8675799086758,57,72,2.7050410105182,219,0,219
"NNN","Sample Area",2003-12-31,0.995569863013699,0.9272,1.0436,0.0213916086926209,219,0,219,65.9497716894977,61,71,2.12504450960884,219,0,219
"NNN","Sample Area",2004-12-31,0.976221917808219,0.8859,1.0386,0.0306447920350905,219,0,219,67.3972602739726,58,75,2.90557701336078,219,0,219
"NNN","Sample Area",2005-12-31,0.882481278538813,0.8336,0.9123,0.0146313872184363,219,0,219,63.4429223744292,55,71,3.19262088538552,219,0,219
"NNN","Sample Area",2006-12-31,0.936631506849315,0.8862,0.9692,0.0137242791296026,219,0,219,60.4337899543379,50,67,2.93022054649326,219,0,219
"NNN","Sample Area",2007-12-31,1.03049315068493,0.9437,1.0564,0.0162702012367558,219,0,219,66.1826484018265,61,74,2.50201209298163,219,0,219
"NNN","Sample Area",2008-12-31,1.02825936073059,0.9728,1.075,0.0152772284085282,219,0,219,59.2511415525114,49,69,4.11708635651803,219,0,219
"NNN","Sample Area",2009-12-31,1.10810319634703,1.0847,1.1392,0.00933797803452105,219,0,219,62.8949771689498,55,69,2.29337345659248,219,0,219
"NNN","Sample Area",2010-12-31,1.01744520547945,0.9748,1.048,0.0139049661885706,219,0,219,59.2146118721461,49,65,3.14402975947784,219,0,219
"NNN","Sample Area",2011-12-31,1.07058447488584,1.0292,1.1012,0.0137739428263827,219,0,219,58.6712328767123,50,66,2.81406099769189,219,0,219
"NNN","Sample Area",2012-12-31,1.03191461187215,0.9641,1.08,0.0237104391171586,219,0,219,62.2876712328767,55,71,2.9027641938006,219,0,219
"NNN","Sample Area",2013-12-31,1.14349726027397,1.1012,1.1716,0.0121382287819952,219,0,219,62.4063926940639,53,70,3.1585264319348,219,0,219
"NNN","Protected Area",2000-12-31,0.88403468391506,0.7065,0.9926,0.0294475336263285,4097,0,4097,65.0929948742983,53,75,2.93831309196106,4097,0,4097
"NNN","Protected Area",2001-12-31,1.07007156455943,0.9925,1.1701,0.0184785615149532,4097,0,4097,66.1305833536734,55,77,3.27660154012957,4097,0,4097
"NNN","Protected Area",2002-12-31,1.0749670978765,0.9566,1.1602,0.0183184692222607,4097,0,4097,64.3131559677813,53,74,3.08265137112718,4097,0,4097
"NNN","Protected Area",2003-12-31,0.995085916524286,0.8961,1.0918,0.0193408841360958,4097,0,4097,65.6138638027825,54,75,2.82718097745747,4097,0,4097
"NNN","Protected Area",2004-12-31,0.973260727361484,0.8731,1.0912,0.0279809887286446,4097,0,4097,67.9145716377837,56,78,3.19736906896741,4097,0,4097
"NNN","Protected Area",2005-12-31,0.876086892848426,0.7972,0.9964,0.0219791250958049,4097,0,4097,63.0866487673908,51,74,3.59035980334488,4097,0,4097
"NNN","Protected Area",2006-12-31,0.938016524286063,0.831,1.0195,0.0166010069120698,4097,0,4097,61.4059067610447,50,71,2.90145677716918,4097,0,4097
"NNN","Protected Area",2007-12-31,1.03071059311691,0.911,1.1287,0.018276307560115,4097,0,4097,65.8447644618013,54,75,3.03114006717963,4097,0,4097
"NNN","Protected Area",2008-12-31,1.03289516719551,0.9728,1.1247,0.0163849197970416,4097,0,4097,59.6048328044911,46,72,3.97302993604045,4097,0,4097
"NNN","Protected Area",2009-12-31,1.10650519892604,1.0222,1.2389,0.0214129757868121,4097,0,4097,62.6043446424213,47,72,3.26183402361292,4097,0,4097
"NNN","Protected Area",2010-12-31,1.01803710031731,0.9518,1.1253,0.0192484278017657,4097,0,4097,59.6563339028557,49,70,2.95655877315278,4097,0,4097
"NNN","Protected Area",2011-12-31,1.06408589211618,1.0066,1.1614,0.0181123061999283,4097,0,4097,58.3043690505248,49,69,2.84793012631867,4097,0,4097
"NNN","Protected Area",2012-12-31,1.02985565047596,0.928,1.1269,0.030670195094133,4097,0,4097,62.4832804491091,50,73,3.78206036999363,4097,0,4097
"NNN","Protected Area",2013-12-31,1.13540895777398,1.0409,1.2236,0.0174222316474824,4097,0,4097,62.4693678301196,52,71,3.03521026989733,4097,0,4097
"PSH","ZOI",2000-12-31,0.827248981779207,0.3509,1.5188,0.137928139620907,2799,0,2799,76.7834941050375,65,97,4.25235071127875,2799,0,2799
"PSH","ZOI",2001-12-31,0.696037084673098,0.2856,2.4696,0.143430706995735,2799,0,2799,80.4322673374057,62,99,4.34142197735287,2783,16,2799
"PSH","ZOI",2002-12-31,0.9961239371204,0.4418,4.3203,0.184148458456871,2799,0,2799,74.924704195052,62,99,4.87608972777811,2789,10,2799
"PSH","ZOI",2003-12-31,0.979671346909611,0.4612,1.7181,0.163188012204894,2799,0,2799,81.115205724508,70,99,3.99628065075811,2795,4,2799
"PSH","ZOI",2004-12-31,1.05864676670239,0.4533,2.8086,0.180918783476244,2799,0,2799,76.2456140350877,62,98,5.12925722167515,2793,6,2799
"PSH","ZOI",2005-12-31,0.834899106823866,0.2921,3.3218,0.159952173793528,2799,0,2799,75.8344679326406,61,100,4.74328516833313,2791,8,2799
"PSH","ZOI",2006-12-31,0.643295641300464,0.168,2.5431,0.127170602554111,2799,0,2799,76.7745974955277,62,100,5.3124964582811,2795,4,2799
"PSH","ZOI",2007-12-31,0.578135262593784,0.1777,2.3527,0.116415762907423,2799,0,2799,78.8915921288014,62,98,4.80895402377703,2795,4,2799
"PSH","ZOI",2008-12-31,0.53579714183637,0.088,3.147,0.121789061419585,2799,0,2799,78.2785535266738,63,99,4.33803088360147,2793,6,2799
"PSH","ZOI",2009-12-31,0.602000785994998,0.1025,2.5064,0.122881184962063,2799,0,2799,75.492125984252,61,99,4.99933138285163,2794,5,2799
"PSH","ZOI",2010-12-31,0.68535266166488,0.2323,3.3958,0.186914177342986,2799,0,2799,78.783881460065,62,100,4.65997717190026,2767,32,2799
"PSH","ZOI",2011-12-31,0.612349946409432,0.142,3.3641,0.167730127595426,2799,0,2799,78.3656340057637,65,98,4.49407543865724,2776,23,2799
"PSH","ZOI",2012-12-31,0.598080064308682,0.1581,3.3929,0.186285359652134,2799,0,2799,75.5647612156295,56,100,5.67102112002394,2764,35,2799
"PSH","ZOI",2013-12-31,0.663916005716327,0.1645,4.7267,0.303068993319277,2799,0,2799,80.0501659904094,65,100,5.1896568090111,2711,88,2799
"PSH","Sample Area",2000-12-31,0.896857936507937,0.3943,1.0179,0.0973998080392544,252,0,252,79.6388888888889,66,86,3.33527499889925,252,0,252
"PSH","Sample Area",2001-12-31,0.766232142857143,0.3373,1.4215,0.0983019907885869,252,0,252,82.9003984063745,74,88,2.77164929971983,251,1,252
"PSH","Sample Area",2002-12-31,1.08288015873016,0.4418,1.9017,0.142486628166819,252,0,252,78,66,99,5.87229690732186,249,3,252
"PSH","Sample Area",2003-12-31,1.06999047619048,0.5893,1.1965,0.103437654435659,252,0,252,83.9563492063492,75,94,3.5282128932646,252,0,252
"PSH","Sample Area",2004-12-31,1.15255873015873,0.5369,1.2787,0.119309917348324,252,0,252,80.1904761904762,70,88,3.47378179103146,252,0,252
"PSH","Sample Area",2005-12-31,0.924179365079365,0.4156,2.0579,0.138200857820725,252,0,252,77.844,66,99,4.34224415911282,250,2,252
"PSH","Sample Area",2006-12-31,0.707057936507937,0.3149,0.7977,0.0805095855352374,252,0,252,80.0119047619048,67,90,3.68423165548693,252,0,252
"PSH","Sample Area",2007-12-31,0.640093253968254,0.2797,0.7444,0.0743307247881846,252,0,252,80.6468253968254,68,88,3.48678064755059,252,0,252
"PSH","Sample Area",2008-12-31,0.585349603174603,0.2044,0.7053,0.0797396673035107,252,0,252,80.1507936507936,72,86,2.65272155314599,252,0,252
"PSH","Sample Area",2009-12-31,0.653895634920635,0.2785,0.7502,0.0793220583760507,252,0,252,75.9960317460317,66,84,3.36551295010357,252,0,252
"PSH","Sample Area",2010-12-31,0.739308333333333,0.3325,0.8822,0.0869404346280071,252,0,252,80.1269841269841,70,87,3.09345569858526,252,0,252
"PSH","Sample Area",2011-12-31,0.660913888888889,0.2807,0.7705,0.0850079260750035,252,0,252,78.4126984126984,70,85,2.61247342393266,252,0,252
"PSH","Sample Area",2012-12-31,0.638290873015873,0.273,0.7549,0.0760563067002089,252,0,252,76.2261904761905,68,86,2.94850028923284,252,0,252
"PSH","Sample Area",2013-12-31,0.668459920634921,0.3142,0.7843,0.0795974920323642,252,0,252,80.0396825396825,70,88,3.40236803790408,252,0,252
"PSH","Protected Area",2000-12-31,0.924352447552448,0.5909,1.0034,0.0557597762945477,143,0,143,80.4615384615385,70,86,2.87722780988735,143,0,143
"PSH","Protected Area",2001-12-31,0.794561538461539,0.4591,0.8813,0.0514348472369903,143,0,143,83.7762237762238,77,88,2.10438703537205,143,0,143
"PSH","Protected Area",2002-12-31,1.10323776223776,0.7517,1.2234,0.0636417612518608,143,0,143,77.9160839160839,71,91,3.96551419946366,143,0,143
"PSH","Protected Area",2003-12-31,1.09976153846154,0.6817,1.1965,0.0628274900842977,143,0,143,83.7902097902098,77,94,3.12160383762232,143,0,143
"PSH","Protected Area",2004-12-31,1.18461958041958,0.7635,1.2547,0.0612012833092244,143,0,143,80.7902097902098,75,86,2.7214669481815,143,0,143
"PSH","Protected Area",2005-12-31,0.945662937062937,0.6574,1.0153,0.0462519351377753,143,0,143,78.3076923076923,69,86,3.88973146042708,143,0,143
"PSH","Protected Area",2006-12-31,0.741962237762238,0.496,0.7977,0.0419113615376913,143,0,143,81.1818181818182,74,87,2.5581583484459,143,0,143
"PSH","Protected Area",2007-12-31,0.671474825174825,0.3908,0.7444,0.0456931105056385,143,0,143,82.034965034965,75,88,2.97977356974282,143,0,143
"PSH","Protected Area",2008-12-31,0.620216083916084,0.3596,0.7053,0.0494605343460392,143,0,143,80.7132867132867,76,86,2.43687163116855,143,0,143
"PSH","Protected Area",2009-12-31,0.684774825174825,0.3677,0.7412,0.0472446277869002,143,0,143,77.3636363636364,71,84,3.05707550240434,143,0,143
"PSH","Protected Area",2010-12-31,0.77546013986014,0.438,0.8822,0.0526258988613612,143,0,143,81.3146853146853,76,87,2.56580871697536,143,0,143
"PSH","Protected Area",2011-12-31,0.69683006993007,0.3038,0.7705,0.0527046835385289,143,0,143,78.5664335664336,72,84,2.25038162822846,143,0,143
"PSH","Protected Area",2012-12-31,0.668767132867133,0.4028,0.7407,0.0450528277961094,143,0,143,76.6013986013986,69,85,2.98385293066348,143,0,143
"PSH","Protected Area",2013-12-31,0.69433006993007,0.381,0.778,0.0481319796986721,143,0,143,80.4755244755245,70,88,3.73380478044598,143,0,143
"RNF","ZOI",2000-12-31,1.74840047505938,0.7893,5.1838,0.35130602272981,2105,0,2105,54.3928229665072,28,100,7.55761316025035,2090,15,2105
"RNF","ZOI",2001-12-31,1.74837957244656,0.8385,5.1945,0.335658139973434,2105,0,2105,56.4341790330302,31,100,8.72787842981078,2089,16,2105
"RNF","ZOI",2002-12-31,1.81703173396675,0.8744,5.2101,0.332846844939821,2105,0,2105,58.378054623862,30,92,7.18768771572865,2087,18,2105
"RNF","ZOI",2003-12-31,1.72360498812352,0.8324,5.2002,0.316447330985497,2105,0,2105,52.24725011956,28,99,8.95942933525829,2091,14,2105
"RNF","ZOI",2004-12-31,1.8230286935867,0.9195,5.2263,0.326373219397341,2105,0,2105,59.8624820316243,37,99,7.15160885904755,2087,18,2105
"RNF","ZOI",2005-12-31,1.76538532066508,0.8191,5.1934,0.333304836619967,2105,0,2105,53.9712918660287,29,100,7.63624540610942,2090,15,2105
"RNF","ZOI",2006-12-31,1.74366736342043,0.7683,5.1841,0.344516478100027,2105,0,2105,49.9049211657907,23,99,9.13814937773013,2093,12,2105
"RNF","ZOI",2007-12-31,1.62920622327791,0.787,5.1884,0.315720138914507,2105,0,2105,55.6741626794258,30,100,8.55716297570441,2090,15,2105
"RNF","ZOI",2008-12-31,1.68506052256532,0.8154,5.1907,0.322992862027676,2105,0,2105,51.8131868131868,25,99,8.7632978996707,2093,12,2105
"RNF","ZOI",2009-12-31,1.75123814726841,0.8591,5.2127,0.318938466050732,2105,0,2105,52.2620755619321,27,100,9.04042972768846,2091,14,2105
"RNF","ZOI",2010-12-31,1.77764703087886,0.836,5.2063,0.33174963606384,2105,0,2105,52.8006692160612,27,99,7.99120388806531,2092,13,2105
"RNF","ZOI",2011-12-31,1.74839947743468,0.7881,5.192,0.34507041654045,2105,0,2105,49.4020076481836,24,99,8.21270642967282,2092,13,2105
"RNF","ZOI",2012-12-31,1.73063947743468,0.8522,5.1978,0.326105143277686,2105,0,2105,52.390535372849,29,99,8.1013998412642,2092,13,2105
"RNF","ZOI",2013-12-31,1.82148655581948,0.7978,5.2027,0.348100562265269,2105,0,2105,49.3975155279503,19,98,8.56130929058159,2093,12,2105
"RNF","Sample Area",2000-12-31,1.82981134751773,1.6309,1.8948,0.0450927949458488,141,0,141,63.6879432624113,51,72,3.25166935538622,141,0,141
"RNF","Sample Area",2001-12-31,1.80412695035461,1.6758,1.8833,0.0428454279598396,141,0,141,68.8297872340426,57,75,3.42878038876906,141,0,141
"RNF","Sample Area",2002-12-31,1.91573617021277,1.769,1.9976,0.0459185105479506,141,0,141,67.5957446808511,58,74,3.38268431744515,141,0,141
"RNF","Sample Area",2003-12-31,1.78709361702128,1.6152,1.8542,0.0440661178762193,141,0,141,65.4326241134752,54,72,3.3108155329789,141,0,141
"RNF","Sample Area",2004-12-31,1.88190425531915,1.6595,1.9706,0.0574061182308502,141,0,141,69.7446808510638,60,77,3.06455369698462,141,0,141
"RNF","Sample Area",2005-12-31,1.83525886524823,1.6684,1.9281,0.0456039629714693,141,0,141,63.0921985815603,53,72,3.89486971947872,141,0,141
"RNF","Sample Area",2006-12-31,1.8211390070922,1.6674,1.9002,0.0418950913815,141,0,141,61.7730496453901,50,69,4.14964506972109,141,0,141
"RNF","Sample Area",2007-12-31,1.69812411347518,1.4947,1.7581,0.036519503401234,141,0,141,67.1985815602837,56,75,3.40004171855924,141,0,141
"RNF","Sample Area",2008-12-31,1.75612056737589,1.5877,1.8437,0.0492251191941247,141,0,141,64.0567375886525,51,73,4.77459504587321,141,0,141
"RNF","Sample Area",2009-12-31,1.81589858156028,1.6861,1.9062,0.0432080630468362,141,0,141,65.7021276595745,51,73,3.69119547195188,141,0,141
"RNF","Sample Area",2010-12-31,1.85807304964539,1.685,1.9398,0.0509868566809591,141,0,141,61.2269503546099,52,69,3.68271792939912,141,0,141
"RNF","Sample Area",2011-12-31,1.85834255319149,1.7375,1.919,0.0355662163818471,141,0,141,60.7446808510638,52,69,3.63594015218534,141,0,141
"RNF","Sample Area",2012-12-31,1.79271134751773,1.6256,1.9053,0.0545400993924897,141,0,141,63.0851063829787,56,69,2.80430628473457,141,0,141
"RNF","Sample Area",2013-12-31,1.90835815602837,1.7332,1.9874,0.0505368792580914,141,0,141,60.8085106382979,49,67,3.4390922673142,141,0,141
"RNF","Protected Area",2000-12-31,1.83081243781095,1.1007,1.9377,0.11039437124022,402,0,402,61.5870646766169,41,72,4.98962832920819,402,0,402
"RNF","Protected Area",2001-12-31,1.8120355721393,1.162,1.9388,0.0997666634475533,402,0,402,65.4800995024876,44,75,6.03736098563541,402,0,402
"RNF","Protected Area",2002-12-31,1.8986315920398,1.1682,2.0063,0.106985718728823,402,0,402,65.365671641791,45,74,5.08266975535857,402,0,402
"RNF","Protected Area",2003-12-31,1.78904975124378,1.182,1.9172,0.0932538584036601,402,0,402,62.5398009950249,42,75,6.13356392679564,402,0,402
"RNF","Protected Area",2004-12-31,1.88051567164179,1.2172,2.0311,0.102787006263099,402,0,402,67.0298507462687,48,77,5.40749498129034,402,0,402
"RNF","Protected Area",2005-12-31,1.83233258706468,1.1581,1.9506,0.10198144351166,402,0,402,60.9477611940299,44,72,5.34540215066236,402,0,402
"RNF","Protected Area",2006-12-31,1.81811915422886,1.1497,1.9444,0.100374734062839,402,0,402,59.0995024875622,37,70,6.4529797289924,402,0,402
"RNF","Protected Area",2007-12-31,1.69477164179104,1.072,1.7946,0.0920467085256991,402,0,402,64.7313432835821,47,78,5.79770895386986,402,0,402
"RNF","Protected Area",2008-12-31,1.75349104477612,1.104,1.863,0.0978692336852987,402,0,402,60.2363184079602,39,73,6.98636894249137,402,0,402
"RNF","Protected Area",2009-12-31,1.81555124378109,1.1488,1.9453,0.0986141798615739,402,0,402,62.1791044776119,41,73,6.70152855560401,402,0,402
"RNF","Protected Area",2010-12-31,1.84813980099502,1.1432,1.9782,0.107317805742508,402,0,402,59.6094527363184,42,71,6.08863953363791,402,0,402
"RNF","Protected Area",2011-12-31,1.85125572139303,1.13,1.9553,0.105403620060212,402,0,402,57.728855721393,39,69,5.59823744831891,402,0,402
"RNF","Protected Area",2012-12-31,1.79184850746269,1.101,1.9298,0.107698722245567,402,0,402,60.4875621890547,43,72,5.30102277124989,402,0,402
"RNF","Protected Area",2013-12-31,1.90310049751244,1.1851,2.0121,0.108998897474354,402,0,402,57.9925373134328,36,69,6.22739855781338,402,0,402
"UDZ","ZOI",2000-12-31,0.702086591861006,0.2429,4.2618,0.155392931503665,19339,0,19339,53.1480676703399,16,91,12.9412160944353,19329,10,19339
"UDZ","ZOI",2001-12-31,0.886630766844201,0.3884,4.2995,0.198107585395241,19339,0,19339,54.2592477624295,17,86,12.6604068565226,19329,10,19339
"UDZ","ZOI",2002-12-31,0.891426087181343,0.4239,4.3013,0.190601479003103,19339,0,19339,55.2788038698329,18,93,13.2935926305176,19329,10,19339
"UDZ","ZOI",2003-12-31,0.631107699467398,0.1625,4.2579,0.123345975748507,19339,0,19339,49.9489368306689,16,90,13.6865835155611,19329,10,19339
"UDZ","ZOI",2004-12-31,0.811956186979678,0.333,4.2887,0.163211986490714,19339,0,19339,53.3647369237933,16,90,12.804383038404,19329,10,19339
"UDZ","ZOI",2005-12-31,0.745759666994157,0.2402,4.2847,0.142155908654211,19339,0,19339,49.751823684619,14,81,12.6927247549142,19329,10,19339
"UDZ","ZOI",2006-12-31,0.874003423134599,0.3294,4.3061,0.188585617315034,19339,0,19339,53.5569869108593,12,92,14.0682052056722,19329,10,19339
"UDZ","ZOI",2007-12-31,1.03954705517348,0.4084,4.3424,0.202568145162751,19339,0,19339,52.1889906358322,14,90,13.4895613178939,19329,10,19339
"UDZ","ZOI",2008-12-31,0.891091628315839,0.3203,4.3132,0.173525432037774,19339,0,19339,52.7076413678928,16,87,12.9354550591557,19329,10,19339
"UDZ","ZOI",2009-12-31,0.699439360876984,0.19,4.2716,0.137008208511118,19339,0,19339,47.9622348680807,12,97,13.0439397813343,19330,9,19339
"UDZ","ZOI",2010-12-31,0.637650447282693,0.1199,4.2397,0.129558612955297,19339,0,19339,48.1991205380238,11,99,13.3128300599667,19330,9,19339
"UDZ","ZOI",2011-12-31,0.898473649102849,0.3567,4.2984,0.193903748916335,19339,0,19339,50.5635507733692,12,97,13.6997563953157,19331,8,19339
"UDZ","ZOI",2012-12-31,0.883626687005533,0.3263,4.3109,0.188250284966284,19339,0,19339,46.9634745718868,13,83,12.6687782160052,19329,10,19339
"UDZ","ZOI",2013-12-31,0.780515678163297,0.264,4.2761,0.158213645951771,19339,0,19339,47.5524055871702,14,99,13.1143827801734,19330,9,19339
"UDZ","Sample Area",2000-12-31,0.908904137931035,0.3353,1.0838,0.167492004318225,145,0,145,73.6413793103448,57,87,5.86026623170939,145,0,145
"UDZ","Sample Area",2001-12-31,1.14886137931034,0.4436,1.3931,0.208204219386415,145,0,145,73.7655172413793,60,83,4.66817504358479,145,0,145
"UDZ","Sample Area",2002-12-31,1.11642482758621,0.4651,1.3047,0.185142122034756,145,0,145,75.8551724137931,63,86,4.70221477123167,145,0,145
"UDZ","Sample Area",2003-12-31,0.781066896551724,0.2262,0.9528,0.147119315738004,145,0,145,74.8758620689655,56,84,5.45547986307332,145,0,145
"UDZ","Sample Area",2004-12-31,1.02427034482759,0.333,1.2533,0.192711581458802,145,0,145,74.3448275862069,61,82,4.45093515508699,145,0,145
"UDZ","Sample Area",2005-12-31,0.902907586206897,0.2402,1.064,0.166090466514637,145,0,145,70.0275862068966,58,81,4.59459952853197,145,0,145
"UDZ","Sample Area",2006-12-31,1.12232275862069,0.4231,1.3566,0.201940354830341,145,0,145,77.6758620689655,61,86,4.84894427029209,145,0,145
"UDZ","Sample Area",2007-12-31,1.25770620689655,0.5993,1.4938,0.208800932316422,145,0,145,75.4344827586207,59,86,5.40551903292604,145,0,145
"UDZ","Sample Area",2008-12-31,1.07760137931034,0.4054,1.2987,0.197522919551338,145,0,145,74.2827586206896,65,84,4.59725680324066,145,0,145
"UDZ","Sample Area",2009-12-31,0.838963448275862,0.2076,0.9811,0.157755030653099,145,0,145,69.7724137931035,56,78,4.51962514975002,145,0,145
"UDZ","Sample Area",2010-12-31,0.828250344827586,0.2088,0.9986,0.157423808786336,145,0,145,70.7103448275862,56,82,5.23598292982123,145,0,145
"UDZ","Sample Area",2011-12-31,1.09382482758621,0.3665,1.3821,0.233718435935159,145,0,145,74.2137931034483,60,85,5.00858458451386,145,0,145
"UDZ","Sample Area",2012-12-31,1.11600620689655,0.4668,1.3163,0.188335874326771,145,0,145,67.3448275862069,52,78,4.64037131887218,145,0,145
"UDZ","Sample Area",2013-12-31,0.981643448275862,0.2721,1.1549,0.186654309045489,145,0,145,70.2,56,82,4.50092583068565,145,0,145
"UDZ","Protected Area",2000-12-31,0.828603168506961,0.3242,1.1496,0.164412221848395,2083,0,2083,60.2746039366299,29,88,11.4765962109824,2083,0,2083
"UDZ","Protected Area",2001-12-31,1.08016706673068,0.4436,1.4406,0.190518078518676,2083,0,2083,62.2554008641383,32,86,10.7895359423044,2083,0,2083
"UDZ","Protected Area",2002-12-31,1.05378742198752,0.4651,1.3836,0.186230977624874,2083,0,2083,63.2611617858857,22,87,11.7515900775535,2083,0,2083
"UDZ","Protected Area",2003-12-31,0.722989870379261,0.2262,0.9929,0.121957130379751,2083,0,2083,59.1608257321171,24,86,13.0452019029832,2083,0,2083
"UDZ","Protected Area",2004-12-31,0.967686941910706,0.333,1.2597,0.152905653834177,2083,0,2083,62.4335093614978,26,86,11.0097664496123,2083,0,2083
"UDZ","Protected Area",2005-12-31,0.859722035525684,0.2402,1.1116,0.14573333271576,2083,0,2083,58.693710993759,28,81,10.4277070241712,2083,0,2083
"UDZ","Protected Area",2006-12-31,1.05436216994719,0.4231,1.4091,0.183376729305058,2083,0,2083,63.0004800768123,26,88,11.8484465905448,2083,0,2083
"UDZ","Protected Area",2007-12-31,1.22269779164666,0.5826,1.5733,0.196545026568224,2083,0,2083,60.6265002400384,24,86,12.565972250134,2083,0,2083
"UDZ","Protected Area",2008-12-31,1.04729635141623,0.4054,1.3566,0.159188843794415,2083,0,2083,61.1166586653865,28,86,11.0391115857851,2083,0,2083
"UDZ","Protected Area",2009-12-31,0.799978156505041,0.2076,1.0282,0.122118732825388,2083,0,2083,56.6975516082573,16,80,12.0182669466189,2083,0,2083
"UDZ","Protected Area",2010-12-31,0.766675852136342,0.2088,1.023,0.12262878269605,2083,0,2083,55.9001440230437,18,85,12.9937402714713,2083,0,2083
"UDZ","Protected Area",2011-12-31,1.09191368218915,0.3665,1.4117,0.192563337410144,2083,0,2083,60.6380220835334,23,88,11.1389587417162,2083,0,2083
"UDZ","Protected Area",2012-12-31,1.05158665386462,0.4668,1.398,0.179338244956886,2083,0,2083,56.4291886701872,22,80,12.2874690221636,2083,0,2083
"UDZ","Protected Area",2013-12-31,0.928697503600576,0.2721,1.2131,0.147302581779656,2083,0,2083,56.8511761881901,20,82,11.5999574475506,2083,0,2083
"VB","ZOI",2000-12-31,1.08801944148621,0.2586,6.5474,0.502491873065167,8451,37,8488,75.3495846876129,43,100,7.72480568890087,8307,181,8488
"VB","ZOI",2001-12-31,1.07613624423145,0.1735,6.5474,0.502195399912525,8451,37,8488,76.789866409917,40,100,7.83945420412354,8309,179,8488
"VB","ZOI",2002-12-31,1.0009977162466,0.233,6.5474,0.511266375466212,8451,37,8488,75.197466827503,44,100,8.26435984943789,8290,198,8488
"VB","ZOI",2003-12-31,1.01952811501597,0.1422,6.5474,0.508985505160894,8451,37,8488,78.4771604194287,40,100,7.5162626793398,8297,191,8488
"VB","ZOI",2004-12-31,1.02067186131819,0.1974,6.5474,0.508243347045886,8451,37,8488,75.3802986512524,39,100,8.62083536927198,8304,184,8488
"VB","ZOI",2005-12-31,1.00685511773755,0.1645,6.5474,0.508494592569988,8451,37,8488,75.1692363285955,44,100,7.78745189740327,8302,186,8488
"VB","ZOI",2006-12-31,1.06239620163294,0.2458,6.5474,0.507005710268378,8451,37,8488,75.7139751177678,42,100,7.80584566293202,8279,209,8488
"VB","ZOI",2007-12-31,0.920103135723583,0.1446,6.5474,0.517573304263294,8451,37,8488,72.5121774776947,36,100,8.45117962204508,8294,194,8488
"VB","ZOI",2008-12-31,1.08913997160099,0.2173,6.5475,0.501193123816221,8451,37,8488,75.2677582470503,39,100,7.86121723289266,8306,182,8488
"VB","ZOI",2009-12-31,0.989184309549166,0.1763,6.5474,0.510810520643354,8451,37,8488,73.5692252078564,35,100,8.91684476287421,8299,189,8488
"VB","ZOI",2010-12-31,0.948196793278902,0.1697,6.5474,0.514968932345282,8451,37,8488,76.6822407340336,47,99,7.46479831684217,8283,205,8488
"VB","ZOI",2011-12-31,1.01748520885102,0.1864,6.5474,0.507740352156902,8451,37,8488,73.7730231436837,40,100,8.24185061602065,8296,192,8488
"VB","ZOI",2012-12-31,1.06734779316057,0.1826,6.5474,0.502954457244678,8451,37,8488,74.751715833835,38,100,7.81160669690062,8305,183,8488
"VB","ZOI",2013-12-31,0.984548301976098,0.1746,6.5474,0.510094761167751,8451,37,8488,72.1799470389985,38,100,7.88616783319875,8308,180,8488
"VB","Sample Area",2000-12-31,1.08426142857143,0.9414,1.1593,0.0339971134133099,210,0,210,77.3761904761905,71,83,2.46824904753844,210,0,210
"VB","Sample Area",2001-12-31,1.06957047619048,0.9703,1.1454,0.0258771496763118,210,0,210,78.4428571428571,69,87,3.14848963996819,210,0,210
"VB","Sample Area",2002-12-31,0.994264761904762,0.8651,1.076,0.0338291654722062,210,0,210,77.0142857142857,68,89,3.89021416296921,210,0,210
"VB","Sample Area",2003-12-31,0.994210952380952,0.8587,1.0409,0.0276390027456282,210,0,210,77.4380952380952,69,88,3.92251215647327,210,0,210
"VB","Sample Area",2004-12-31,1.01441428571429,0.8995,1.0858,0.0281862107131792,210,0,210,77.2476190476191,68,88,4.52273565937824,210,0,210
"VB","Sample Area",2005-12-31,0.988301428571429,0.8752,1.058,0.0268561692298179,210,0,210,74.0761904761905,62,82,3.54653341922627,210,0,210
"VB","Sample Area",2006-12-31,1.04811666666667,0.928,1.1124,0.0291814543966156,210,0,210,75.1619047619048,63,86,4.61767730823016,210,0,210
"VB","Sample Area",2007-12-31,0.893687619047619,0.8083,0.9536,0.0212331450531803,210,0,210,73.3714285714286,62,84,3.9391475114399,210,0,210
"VB","Sample Area",2008-12-31,1.06977619047619,0.9712,1.1254,0.0250483246775138,210,0,210,75.6761904761905,66,86,4.55691333056722,210,0,210
"VB","Sample Area",2009-12-31,0.96169,0.8488,1.0422,0.0273010532246841,210,0,210,73.9619047619048,64,84,3.99862131628861,210,0,210
"VB","Sample Area",2010-12-31,0.925512857142857,0.8196,1.0056,0.0316584913275631,210,0,210,80.8952380952381,73,87,3.45559337033823,210,0,210
"VB","Sample Area",2011-12-31,0.983987142857143,0.838,1.0539,0.0336732551354172,210,0,210,72.4666666666667,62,83,4.29100910866592,210,0,210
"VB","Sample Area",2012-12-31,1.0416480952381,0.942,1.1132,0.0320393496279838,210,0,210,74.8380952380952,68,82,2.6776545100324,210,0,210
"VB","Sample Area",2013-12-31,0.952736666666667,0.8498,1.0128,0.0229726556474434,210,0,210,71.8333333333333,63,82,4.33698165644694,210,0,210
"VB","Protected Area",2000-12-31,1.05451063394683,0.2586,1.2239,0.132445170566388,489,0,489,81.5398773006135,71,94,4.42780715641752,489,0,489
"VB","Protected Area",2001-12-31,1.0164445807771,0.1735,1.1564,0.146509732291144,489,0,489,83.2760736196319,72,96,4.77564905496712,489,0,489
"VB","Protected Area",2002-12-31,0.96140736196319,0.233,1.1248,0.134823654202724,489,0,489,83.7730061349693,70,95,5.87224014021111,489,0,489
"VB","Protected Area",2003-12-31,0.931242944785276,0.1422,1.0503,0.142916739762791,489,0,489,82.4212678936605,72,93,5.08517993256173,489,0,489
"VB","Protected Area",2004-12-31,0.948752760736196,0.1974,1.0954,0.140052617884045,489,0,489,82.4478527607362,70,93,5.04709790118815,489,0,489
"VB","Protected Area",2005-12-31,0.942850920245399,0.1645,1.0718,0.134595972844338,489,0,489,78.760736196319,64,90,4.97267247946734,489,0,489
"VB","Protected Area",2006-12-31,1.0103063394683,0.2458,1.2508,0.141581298477522,489,0,489,81.3660531697342,63,96,5.81995515774398,489,0,489
"VB","Protected Area",2007-12-31,0.842656237218814,0.1446,0.9623,0.125206742992263,489,0,489,78.4846625766871,65,93,5.2024850165068,489,0,489
"VB","Protected Area",2008-12-31,1.02041492842536,0.2173,1.1592,0.140818094940782,489,0,489,80.8568507157464,66,95,5.39352593661123,489,0,489
"VB","Protected Area",2009-12-31,0.912547239263804,0.1763,1.0422,0.130057888740803,489,0,489,80.1390593047035,65,94,5.85209503736856,489,0,489
"VB","Protected Area",2010-12-31,0.896242535787321,0.1697,1.8886,0.152053772946702,489,0,489,84.2869022869023,73,96,4.1978187501585,481,8,489
"VB","Protected Area",2011-12-31,0.946129243353783,0.1864,1.1306,0.135813928368837,489,0,489,78.6421267893661,62,94,6.32072641021141,489,0,489
"VB","Protected Area",2012-12-31,0.986181390593047,0.1826,1.1891,0.149876694815712,489,0,489,79.3128834355828,67,94,5.05322669889263,489,0,489
"VB","Protected Area",2013-12-31,0.910579141104294,0.1746,1.064,0.131553765011135,489,0,489,77.5950920245399,64,91,5.84986832919965,489,0,489
"YAN","ZOI",2000-12-31,2.16981051908816,0.4327,4.0738,0.434887093104875,3641,0,3641,83.4524277294415,52,100,7.809399282488,3563,78,3641
"YAN","ZOI",2001-12-31,2.05228890414721,0.3497,3.3533,0.387613326956119,3641,0,3641,79.7704419889503,52,100,7.77033271761027,3620,21,3641
"YAN","ZOI",2002-12-31,2.2588856907443,0.2769,3.5128,0.444091679335561,3641,0,3641,82.6172737306843,57,100,6.94030694711248,3624,17,3641
"YAN","ZOI",2003-12-31,2.14403336995331,0.5355,3.0732,0.407754401838359,3641,0,3641,80.4033729610174,57,100,7.26582189594044,3617,24,3641
"YAN","ZOI",2004-12-31,2.18052279593518,0.3989,3.6637,0.438418210588711,3641,0,3641,81.3765840220386,58,100,6.63773894466841,3630,11,3641
"YAN","ZOI",2005-12-31,2.13400120845921,0.3396,4.2308,0.445708951452776,3641,0,3641,77.5430669302457,56,100,8.49228101313016,3541,100,3641
"YAN","ZOI",2006-12-31,2.17075457291953,0.4027,3.3882,0.406734167237584,3641,0,3641,77.8181818181818,48,100,7.82743055253996,3630,11,3641
"YAN","ZOI",2007-12-31,1.96830623455095,0.2892,4.8052,0.419012316516398,3641,0,3641,79.8457865168539,52,100,7.90979519432882,3560,81,3641
"YAN","ZOI",2008-12-31,2.02564202142269,0.4159,4.7641,0.421239040699624,3641,0,3641,79.153006993007,55,100,8.45590466927297,3575,66,3641
"YAN","ZOI",2009-12-31,1.983018456468,0.4531,3.4904,0.353876869541692,3641,0,3641,81.3773428886439,57,100,6.92168204035966,3628,13,3641
"YAN","ZOI",2010-12-31,1.9738350727822,0.4527,2.3587,0.365500245197376,3641,0,3641,75.4850068775791,48,99,8.50992384002487,3635,6,3641
"YAN","ZOI",2011-12-31,1.87105652293326,0.2538,2.4049,0.3632477103108,3641,0,3641,76.2126547455296,54,99,6.99800698653755,3635,6,3641
"YAN","ZOI",2012-12-31,1.96301115078275,0.37,2.417,0.384129154979541,3641,0,3641,77.4845899834893,56,99,7.77755770208549,3634,7,3641
"YAN","ZOI",2013-12-31,1.98331925295249,0.3147,5.1152,0.371815790434705,3641,0,3641,77.8145879732739,49,100,8.08942149165651,3592,49,3641
"YAN","Sample Area",2000-12-31,2.36182142857143,1.7455,2.5181,0.143223144494544,168,0,168,83.7619047619048,73,95,5.46544736623006,168,0,168
"YAN","Sample Area",2001-12-31,2.19254345238095,1.5403,2.3916,0.106960179864436,168,0,168,80.8630952380952,70,91,4.89032479388412,168,0,168
"YAN","Sample Area",2002-12-31,2.51528095238095,1.6874,2.6792,0.119009113500158,168,0,168,83.2440476190476,77,92,3.58556157137902,168,0,168
"YAN","Sample Area",2003-12-31,2.30457916666667,1.8162,2.5272,0.138732101226352,168,0,168,80.3809523809524,71,92,4.81615236868991,168,0,168
"YAN","Sample Area",2004-12-31,2.378825,1.5913,2.5509,0.12919591248331,168,0,168,83.8452380952381,76,91,3.64270757896451,168,0,168
"YAN","Sample Area",2005-12-31,2.33239047619048,1.6917,2.5247,0.126790115709735,168,0,168,78.2738095238095,67,96,6.8251931875467,168,0,168
"YAN","Sample Area",2006-12-31,2.37561428571429,1.6352,2.5583,0.103711332617314,168,0,168,77.1726190476191,65,89,5.40015194265003,168,0,168
"YAN","Sample Area",2007-12-31,2.06789166666667,1.3505,2.3538,0.177278268158501,168,0,168,82.3333333333333,70,96,5.93847363064586,168,0,168
"YAN","Sample Area",2008-12-31,2.2124494047619,1.3727,2.408,0.137605437417383,168,0,168,79.9702380952381,67,96,6.74641230469109,168,0,168
"YAN","Sample Area",2009-12-31,2.16455416666667,1.58,2.2807,0.0880657564979991,168,0,168,82.9642857142857,74,95,4.88783514665466,168,0,168
"YAN","Sample Area",2010-12-31,2.15108154761905,1.5984,2.3004,0.0948015990920243,168,0,168,76.1428571428571,65,91,6.82482761887609,168,0,168
"YAN","Sample Area",2011-12-31,2.04557976190476,1.3288,2.1613,0.0956675127780616,168,0,168,75.8035714285714,62,88,6.41691153403146,168,0,168
"YAN","Sample Area",2012-12-31,2.14792023809524,1.4941,2.3267,0.131335848939691,168,0,168,78.6904761904762,64,93,7.43027661331178,168,0,168
"YAN","Sample Area",2013-12-31,2.1414119047619,1.6808,2.3159,0.101479758053287,168,0,168,77.5,65,92,6.33023350970761,168,0,168
"YAN","Protected Area",2000-12-31,2.07810048143054,0.4327,4.0738,0.449753497603498,2908,0,2908,86.3294450335808,72,100,4.8656256558514,2829,79,2908
"YAN","Protected Area",2001-12-31,1.96235505502063,0.3497,3.3533,0.395557376825526,2908,0,2908,83.1682275407562,70,100,4.84074661321254,2883,25,2908
"YAN","Protected Area",2002-12-31,2.18987819807428,0.2769,3.5128,0.458962755389958,2908,0,2908,85.0248876598687,73,100,4.30293926725116,2893,15,2908
"YAN","Protected Area",2003-12-31,2.06132964236589,0.5355,3.7769,0.410140049588989,2908,0,2908,83.2939742250087,71,100,4.84562684963318,2871,37,2908
"YAN","Protected Area",2004-12-31,2.10020643053645,0.3989,2.8383,0.433906809871056,2908,0,2908,84.0227586206897,71,100,4.10421744953549,2900,8,2908
"YAN","Protected Area",2005-12-31,2.03589656121045,0.3396,4.2308,0.452998824046392,2908,0,2908,81.1373937677054,65,100,6.18170633156605,2824,84,2908
"YAN","Protected Area",2006-12-31,2.09736100412655,0.4027,3.3882,0.414918508109917,2908,0,2908,81.7996545768567,65,100,4.63318606894583,2895,13,2908
"YAN","Protected Area",2007-12-31,1.88510137551582,0.2892,4.8052,0.42263072957266,2908,0,2908,83.317908866125,69,100,5.25376802423452,2831,77,2908
"YAN","Protected Area",2008-12-31,1.92940749656121,0.4159,4.7641,0.436207167187886,2908,0,2908,83.0819787985866,65,100,6.02560170432476,2830,78,2908
"YAN","Protected Area",2009-12-31,1.91863373452545,0.4531,3.164,0.351952125559929,2908,0,2908,84.3214779005525,71,99,4.60500981509198,2896,12,2908
"YAN","Protected Area",2010-12-31,1.90741378954608,0.4527,2.3587,0.368928848336452,2908,0,2908,79.1347346657478,60,99,5.89001570341289,2902,6,2908
"YAN","Protected Area",2011-12-31,1.81103844566713,0.2538,2.4049,0.368539929313466,2908,0,2908,79.223983459683,62,99,5.20388880756943,2902,6,2908
"YAN","Protected Area",2012-12-31,1.88415013755158,0.37,2.417,0.384311808922715,2908,0,2908,80.6608066184074,64,99,6.04558070889498,2901,7,2908
"YAN","Protected Area",2013-12-31,1.89471217331499,0.3147,5.1152,0.385066264495676,2908,0,2908,81.330656424581,65,100,5.72241422632864,2864,44,2908
"YAS","ZOI",2000-12-31,1.47977919780387,0.4962,5.7213,0.151445369538438,6557,0,6557,78.5570356760067,59,100,3.32864278939643,6531,26,6557
"YAS","ZOI",2001-12-31,1.41851708098216,0.5546,5.7302,0.15444838962909,6557,0,6557,79.374693627451,63,100,3.15110247674447,6528,29,6557
"YAS","ZOI",2002-12-31,1.49908682324234,0.5673,5.7425,0.149233419215836,6557,0,6557,81.4612319950965,67,100,3.58826720889279,6526,31,6557
"YAS","ZOI",2003-12-31,1.50229155101418,0.5071,5.7275,0.153475429312556,6557,0,6557,86.9047399907961,69,100,3.44860666516262,6519,38,6557
"YAS","ZOI",2004-12-31,1.48434555436938,0.5101,5.7319,0.153143673217569,6557,0,6557,83.2545565936591,61,100,3.78526973869635,6529,28,6557
"YAS","ZOI",2005-12-31,1.55987890803721,0.5848,5.7441,0.151457501893945,6557,0,6557,81.164366758663,66,98,2.90423226895351,6522,35,6557
"YAS","ZOI",2006-12-31,1.65641366478573,0.6247,5.7799,0.151969311278344,6557,0,6557,81.0263440036759,67,100,3.56232732707106,6529,28,6557
"YAS","ZOI",2007-12-31,1.58104453256062,0.542,5.7414,0.14804968266838,6557,0,6557,80.6657987440649,62,100,3.45752351859987,6529,28,6557
"YAS","ZOI",2008-12-31,1.38387262467592,0.4902,5.7219,0.150974459420172,6557,0,6557,82.9518700183936,65,100,3.31042252816837,6524,33,6557
"YAS","ZOI",2009-12-31,1.55244035382034,0.5305,5.7423,0.154143250966576,6557,0,6557,82.875651640601,70,99,2.70215920866597,6522,35,6557
"YAS","ZOI",2010-12-31,1.50505914290072,0.5906,5.7364,0.152748062763201,6557,0,6557,79.2264295569523,67,100,3.18841440803225,6523,34,6557
"YAS","ZOI",2011-12-31,1.28469778862285,0.4179,5.6945,0.157526074310076,6557,0,6557,80.4668199233716,68,100,3.09000650109266,6525,32,6557
"YAS","ZOI",2012-12-31,1.36429255757206,0.5038,5.7149,0.150292314075086,6557,0,6557,77.0938744257274,59,99,3.62821635166307,6530,27,6557
"YAS","ZOI",2013-12-31,1.42097797773372,0.4927,5.7264,0.14953405378986,6557,0,6557,80.3743487588109,66,100,3.04511331366524,6526,31,6557
"YAS","Sample Area",2000-12-31,1.4578110619469,1.2848,1.5311,0.0410092879639686,226,0,226,77.8672566371681,72,85,3.1141381537291,226,0,226
"YAS","Sample Area",2001-12-31,1.41168407079646,1.2756,1.4603,0.0347272485172262,226,0,226,79.8849557522124,73,87,2.4138570790404,226,0,226
"YAS","Sample Area",2002-12-31,1.48842831858407,1.323,1.5465,0.0409776035718734,226,0,226,81.3185840707965,73,90,3.40787450662443,226,0,226
"YAS","Sample Area",2003-12-31,1.49851415929204,1.2768,1.5613,0.0373506504295747,226,0,226,86.4690265486726,78,94,2.89081548343924,226,0,226
"YAS","Sample Area",2004-12-31,1.46201548672566,1.249,1.5311,0.0510347862103862,226,0,226,83.1327433628319,75,90,2.94845925799677,226,0,226
"YAS","Sample Area",2005-12-31,1.55676681415929,1.345,1.6137,0.0327692566698453,226,0,226,81.7345132743363,75,89,2.35520303107838,226,0,226
"YAS","Sample Area",2006-12-31,1.64663097345133,1.4375,1.7115,0.0472852724633904,226,0,226,79.570796460177,69,88,3.48288976865614,226,0,226
"YAS","Sample Area",2007-12-31,1.56766725663717,1.4054,1.6243,0.0345974332830319,226,0,226,80.4823008849557,72,87,2.87860244141711,226,0,226
"YAS","Sample Area",2008-12-31,1.3544110619469,1.1222,1.4447,0.0487661832897043,226,0,226,83.0929203539823,75,90,3.03391838501988,226,0,226
"YAS","Sample Area",2009-12-31,1.53619026548673,1.4087,1.6001,0.0377704480945426,226,0,226,82.4646017699115,76,88,2.48570742370528,226,0,226
"YAS","Sample Area",2010-12-31,1.49907168141593,1.4129,1.54,0.0184710077642489,226,0,226,77.212389380531,71,82,2.11849559801763,226,0,226
"YAS","Sample Area",2011-12-31,1.26853451327434,1.1845,1.317,0.0259782790291736,226,0,226,80.9778761061947,74,88,2.57240862533409,226,0,226
"YAS","Sample Area",2012-12-31,1.34541637168142,1.2835,1.3785,0.0172784142051133,226,0,226,75.5840707964602,70,81,2.43392929219606,226,0,226
"YAS","Sample Area",2013-12-31,1.40909026548673,1.2879,1.4575,0.0312112243758606,226,0,226,81.5088495575221,75,87,2.71332702774448,226,0,226
"YAS","Protected Area",2000-12-31,1.40740186082574,0.6123,4.8409,0.0984233376483566,10318,0,10318,78.1323757763975,61,99,2.99748251550326,10304,14,10318
"YAS","Protected Area",2001-12-31,1.3448210505912,0.6266,4.8117,0.0976931343213845,10318,0,10318,78.8355007763975,65,99,3.36074266587499,10304,14,10318
"YAS","Protected Area",2002-12-31,1.43692228144989,0.6231,4.8431,0.094750393056418,10318,0,10318,81.147335727458,68,99,3.28099580104698,10303,15,10318
"YAS","Protected Area",2003-12-31,1.44065047489824,0.6346,4.8565,0.105967330016337,10318,0,10318,87.4084726000777,69,100,3.02878332689645,10292,26,10318
"YAS","Protected Area",2004-12-31,1.44548868966854,0.6107,4.838,0.0924685493924326,10318,0,10318,81.597923136646,61,100,3.42608471074814,10304,14,10318
"YAS","Protected Area",2005-12-31,1.49062134134522,0.6373,4.8548,0.103179796417421,10318,0,10318,79.1971844660194,66,98,3.18888676056054,10300,18,10318
"YAS","Protected Area",2006-12-31,1.58354132583834,0.702,4.8925,0.105710940340593,10318,0,10318,78.7936723602485,66,100,3.65392851303421,10304,14,10318
"YAS","Protected Area",2007-12-31,1.51098302965691,0.6433,4.8891,0.0931845566871018,10318,0,10318,79.5080073764923,62,99,3.56400131275957,10303,15,10318
"YAS","Protected Area",2008-12-31,1.32214289591006,0.5818,4.8099,0.0948544522108643,10318,0,10318,83.3086635586636,65,99,3.16094223677713,10296,22,10318
"YAS","Protected Area",2009-12-31,1.49582624539639,0.6366,4.8551,0.093915994395885,10318,0,10318,81.3062433245946,69,99,3.11500463715791,10299,19,10318
"YAS","Protected Area",2010-12-31,1.44029145183175,0.6373,4.8596,0.0986330992837067,10318,0,10318,77.8805825242718,65,100,3.26618129279248,10300,18,10318
"YAS","Protected Area",2011-12-31,1.22233128513278,0.538,4.7673,0.0900292006742195,10318,0,10318,78.7555081044356,65,100,3.6869480859664,10303,15,10318
"YAS","Protected Area",2012-12-31,1.29426500290754,0.5521,4.7985,0.0928437359715494,10318,0,10318,74.8803609547836,62,98,2.99035300059146,10306,12,10318
"YAS","Protected Area",2013-12-31,1.36668744911805,0.5587,4.8274,0.0861681466180102,10318,0,10318,76.3734834514219,61,100,4.17216878823097,10303,15,10318
